Workbook

Sheet Goals and Instructions
B3: Excel Skills Learned | D3: Instructions: Open the tab labeled "Linear" and complete the tasks indicated there. Start by entering your name where indicated. Pay attention to the legend and note that the sheet is self-checking.
B4: Upon completing the sheet, you should have an understanding of:
B5: 1. Several ways to fill out a series of numbers.
B6: 2. Using absolute references and autofill to save on work and avoid errors.
B7: 3. Use Excel's new dynamic arrays to save on work and avoid errors.
B8: 4. Inserting and decorating charts, or plots.
B10: Math Skills Learned
B11: 1. How to make a graph (of a line) in Excel.
B12: 2. How to visualize what happens when parameters change, here when slope and intercept change.

Sheet Linear
B2: 1. Enter your name so that your problem generates. 2. Enter the slope and intercept for the line indicated in your problem. 3. Fill in the x values from -5 to 5 using steps of size 0.5. (See the video for a variety of ways to accomplish this.) 4. Fill out formulas for finding the slope and intercept for your line. 4. Fill out the formulas for the y values. It would be good to try the various ways discussed in the video for this, then you can choose what you like to use best. 5. Format all of your y values to show two decimal places, like 1.23 and 2.34, and all x values to show one decimal, like 1.0, and 1.5. 6. Add a graph (scatterplot with smooth lines). Set the chart title and add axis titles, you can just use "x" and "y" as labels. 7. Play with the slope (m) and intercept (b). All of the computed values and charts should change as you chang parameters.
H11: Video explaining this DQ
B12: =IF(I12="Your Name Here!","Enter your name in I2","Plot the graph of the line passing through "&Random!K24&" and "&Random!K25&" from x = -5 to x = 5 using step of size 0.5") -> Enter your name in I2 | H12: Enter you name here ⇒ | I12: Your Name Here! | J12: At least 5 letters!
E14: x | F14: y = mx + b | H14: Plot the graph y vs x as a scatterplot with smooth lines. Make sure that you set the title and add axis titles for x and y. | J14: Legend
B15: First Point (x0, y0) | J15: If a cell is shaded | K15: You should
B16: x0 | C16: y0 | J16: Blue | K16: Enter a text response
H17: Once you have made your plot and are satisfied with it, then play with the values for m and b and watch how the plot changes. | J17: Green | K17: Enter a number
B18: Second Point (x1, y1) | J18: Gold | K18: Enter an Excel formula
B19: x1 | C19: y1 | J19: Any other color | K19: Make no changes
H21: Plot goes here.
B22: y = mx + b = m*x + b
B23: m = slope =
B24: b = y-intercept =
B26: Recall that with the slope (m) and a point (x0, y0), one way to find the intercept is to use the fact that y0 = mx0 + b so b = y0 - mx0.

Sheet GradeSheet
E14: x | F14: y = mx + b
B15: First Point (x0, y0) | E15: -5 | F15: {=C23*E15:E35+C24} -> 0 | H15: =OR(ISBLANK(Linear!F15),_xlfn.ISFORMULA(Linear!F15)) -> TRUE | I15: =_xlfn.FORMULATEXT(Linear!F15)="=C23*E15:E35+C24" -> #N/A | J15: =_xlfn.FORMULATEXT(Linear!F15)="=C23*E15:E35 + C24" -> #N/A | K15: =_xlfn.FORMULATEXT(Linear!F15)="=E15:E35*c23+C24" -> #N/A | L15: =_xlfn.FORMULATEXT(Linear!F15)="=C24+C23*E15:E35" -> #N/A | M15: =_xlfn.FORMULATEXT(Linear!F15)="=C24+E15:E35*c23" -> #N/A | N15: =OR(I15:M15) -> #N/A | O15: =OR(N15,AND(H15:H31)) -> #N/A
B16: x0 | C16: y0 | E16: -4.5 | F16: 0 | H16: =OR(ISBLANK(Linear!F16),_xlfn.ISFORMULA(Linear!F16)) -> TRUE
B17: =Linear!B17 -> 0 | C17: =Linear!C17 -> 0 | E17: -4 | F17: 0 | H17: =OR(ISBLANK(Linear!F17),_xlfn.ISFORMULA(Linear!F17)) -> TRUE
B18: Second Point (x1, y1) | E18: -3.5 | F18: 0 | H18: =OR(ISBLANK(Linear!F18),_xlfn.ISFORMULA(Linear!F18)) -> TRUE
B19: x1 | C19: y1 | E19: -3 | F19: 0 | H19: =OR(ISBLANK(Linear!F19),_xlfn.ISFORMULA(Linear!F19)) -> TRUE
B20: =Linear!B20 -> 0 | C20: =Linear!C20 -> 0 | E20: -2.5 | F20: 0 | H20: =OR(ISBLANK(Linear!F20),_xlfn.ISFORMULA(Linear!F20)) -> TRUE
E21: -2 | F21: 0 | H21: =OR(ISBLANK(Linear!F21),_xlfn.ISFORMULA(Linear!F21)) -> TRUE
B22: y = mx + b = m*x + b | E22: -1.5 | F22: 0 | H22: =OR(ISBLANK(Linear!F22),_xlfn.ISFORMULA(Linear!F22)) -> TRUE
B23: m = slope = | C23: =IF(B17<>B20,(C17-C20)/(B17-B20),C17-C20) -> 0 | E23: -1 | F23: 0 | H23: =OR(ISBLANK(Linear!F23),_xlfn.ISFORMULA(Linear!F23)) -> TRUE
B24: b = y-intercept = | C24: =C17-C23*B17 -> 0 | E24: -0.5 | F24: 0 | H24: =OR(ISBLANK(Linear!F24),_xlfn.ISFORMULA(Linear!F24)) -> TRUE
E25: 0 | F25: 0 | H25: =OR(ISBLANK(Linear!F25),_xlfn.ISFORMULA(Linear!F25)) -> TRUE
B26: Recall that with the slope (m) and a point (x0, y0), one way to find the intercept is to use the fact that y0 = mx0 + b so b = y0 - mx0. | E26: 0.5 | F26: 0 | H26: =OR(ISBLANK(Linear!F26),_xlfn.ISFORMULA(Linear!F26)) -> TRUE
E27: 1 | F27: 0 | H27: =OR(ISBLANK(Linear!F27),_xlfn.ISFORMULA(Linear!F27)) -> TRUE
E28: 1.5 | F28: 0 | H28: =OR(ISBLANK(Linear!F28),_xlfn.ISFORMULA(Linear!F28)) -> TRUE
E29: 2 | F29: 0 | H29: =OR(ISBLANK(Linear!F29),_xlfn.ISFORMULA(Linear!F29)) -> TRUE
E30: 2.5 | F30: 0 | H30: =OR(ISBLANK(Linear!F30),_xlfn.ISFORMULA(Linear!F30)) -> TRUE
E31: 3 | F31: 0 | H31: =OR(ISBLANK(Linear!F31),_xlfn.ISFORMULA(Linear!F31)) -> TRUE
E32: 3.5 | F32: 0 | H32: =OR(ISBLANK(Linear!F32),_xlfn.ISFORMULA(Linear!F32)) -> TRUE
E33: 4 | F33: 0 | H33: =OR(ISBLANK(Linear!F33),_xlfn.ISFORMULA(Linear!F33)) -> TRUE
E34: 4.5 | F34: 0 | H34: =OR(ISBLANK(Linear!F34),_xlfn.ISFORMULA(Linear!F34)) -> TRUE
E35: 5 | F35: 0 | H35: =OR(ISBLANK(Linear!F35),_xlfn.ISFORMULA(Linear!F35)) -> TRUE

Sheet Sheet3
B2: Please download this sheet and open in Excel.

Sheet Random
H1: 1 | I1: 2 | J1: 3 | K1: 4 | L1: 5 | M1: 6 | N1: 7 | O1: 8 | P1: 9 | Q1: 10 | R1: 11 | S1: 12 | T1: 13 | U1: 14 | V1: 15 | W1: 16
G2: 1 | H2: 2 | I2: 3 | J2: 5 | K2: 7 | L2: 11 | M2: 13 | N2: 17 | O2: 19 | P2: 23 | Q2: 29 | R2: 947 | S2: 953 | T2: 967 | U2: 971 | V2: 977 | W2: 983
G3: 2 | H3: 31 | I3: 37 | J3: 41 | K3: 43 | L3: 47 | M3: 53 | N3: 59 | O3: 61 | P3: 67 | Q3: 71 | R3: 991 | S3: 997 | T3: 1009 | U3: 1013 | V3: 1019 | W3: 1021
G4: 3 | H4: 73 | I4: 79 | J4: 83 | K4: 89 | L4: 97 | M4: 101 | N4: 103 | O4: 107 | P4: 109 | Q4: 113 | R4: 1031 | S4: 1033 | T4: 1039 | U4: 1049 | V4: 1051 | W4: 1061
G5: 4 | H5: 127 | I5: 131 | J5: 137 | K5: 139 | L5: 149 | M5: 151 | N5: 157 | O5: 163 | P5: 167 | Q5: 173 | R5: 1993 | S5: 1997 | T5: 1999 | U5: 2003 | V5: 2011 | W5: 2017
A6: 1 | B6: =CODE(MID(Linear!I$12,A6,1)) -> 89 | C6: =MOD(B6,16) -> 9 | D6: =MOD((B6-C6)/16,16) -> 5 | E6: =INDIRECT("R"&(C6+1)&"C"&(D6+7),0) -> 439 | G6: 5 | H6: 179 | I6: 181 | J6: 191 | K6: 193 | L6: 197 | M6: 199 | N6: 211 | O6: 223 | P6: 227 | Q6: 229 | R6: 2063 | S6: 2069 | T6: 2081 | U6: 2083 | V6: 2087 | W6: 2089
A7: 2 | B7: =CODE(MID(Linear!I$12,A7,1)) -> 111 | C7: =MOD(B7,16) -> 15 | D7: =MOD((B7-C7)/16,16) -> 6 | E7: =INDIRECT("R"&(C7+1)&"C"&(D7+7),0) -> 839 | G7: 6 | H7: 233 | I7: 239 | J7: 241 | K7: 251 | L7: 257 | M7: 263 | N7: 269 | O7: 271 | P7: 277 | Q7: 281 | R7: 2131 | S7: 2137 | T7: 2141 | U7: 2143 | V7: 2153 | W7: 2161
A8: 3 | B8: =CODE(MID(Linear!I$12,A8,1)) -> 117 | C8: =MOD(B8,16) -> 5 | D8: =MOD((B8-C8)/16,16) -> 7 | E8: =INDIRECT("R"&(C8+1)&"C"&(D8+7),0) -> 211 | G8: 7 | H8: 283 | I8: 293 | J8: 307 | K8: 311 | L8: 313 | M8: 317 | N8: 331 | O8: 337 | P8: 347 | Q8: 349 | R8: 2221 | S8: 2237 | T8: 2239 | U8: 2243 | V8: 2251 | W8: 2267
A9: 4 | B9: =CODE(MID(Linear!I$12,A9,1)) -> 114 | C9: =MOD(B9,16) -> 2 | D9: =MOD((B9-C9)/16,16) -> 7 | E9: =INDIRECT("R"&(C9+1)&"C"&(D9+7),0) -> 59 | G9: 8 | H9: 353 | I9: 359 | J9: 367 | K9: 373 | L9: 379 | M9: 383 | N9: 389 | O9: 397 | P9: 401 | Q9: 409 | R9: 2293 | S9: 2297 | T9: 2309 | U9: 2311 | V9: 2333 | W9: 2339
A10: 5 | B10: =CODE(MID(Linear!I$12,A10,1)) -> 32 | C10: =MOD(B10,16) -> 0 | D10: =MOD((B10-C10)/16,16) -> 2 | E10: =INDIRECT("R"&(C10+1)&"C"&(D10+7),0) -> 2 | G10: 9 | H10: 419 | I10: 421 | J10: 431 | K10: 433 | L10: 439 | M10: 443 | N10: 449 | O10: 457 | P10: 461 | Q10: 463 | R10: 2371 | S10: 2377 | T10: 2381 | U10: 2383 | V10: 2389 | W10: 2393
A11: Seed | B11: =MOD(PRODUCT(E6:E10),F13) -> 3778 | F11: 1103515245 | G11: 10 | H11: 467 | I11: 479 | J11: 487 | K11: 491 | L11: 499 | M11: 503 | N11: 509 | O11: 521 | P11: 523 | Q11: 541 | R11: 2437 | S11: 2441 | T11: 2447 | U11: 2459 | V11: 2467 | W11: 2473
A12: Rand1 | B12: =MOD(B11*F11+F12,F13) -> 5331 | C12: =MOD(B12,2) -> 1 | D12: =B12/F$13 -> 0.16268921 | E12: =IF(D12<0.25,0,IF(D12<0.5,1,IF(D12<0.75,3,4))) -> 0 | F12: 12345 | G12: 11 | H12: 547 | I12: 557 | J12: 563 | K12: 569 | L12: 571 | M12: 577 | N12: 587 | O12: 593 | P12: 599 | Q12: 601 | R12: 2539 | S12: 2543 | T12: 2549 | U12: 2551 | V12: 2557 | W12: 2579
A13: Rand2 | B13: =MOD(B12*F$11+F$12,F$13) -> 22544 | C13: =IF(D13<0.5,0,1) -> 1 | D13: =B13/F$13 -> 0.68798828 | E13: =IF(D13<0.25,0,IF(D13<0.5,1,IF(D13<0.75,3,4))) -> 3 | F13: 32768 | G13: 12 | H13: 607 | I13: 613 | J13: 617 | K13: 619 | L13: 631 | M13: 641 | N13: 643 | O13: 647 | P13: 653 | Q13: 659 | R13: 2621 | S13: 2633 | T13: 2647 | U13: 2657 | V13: 2659 | W13: 2663
A14: Rand3 | B14: =MOD(B13*F$11+F$12,F$13) -> 3849 | C14: =IF(D14<0.5,0,1) -> 0 | D14: =B14/F$13 -> 0.11746216 | E14: =IF(D14<0.25,0,IF(D14<0.5,1,IF(D14<0.75,3,4))) -> 0 | G14: 13 | H14: 661 | I14: 673 | J14: 677 | K14: 683 | L14: 691 | M14: 701 | N14: 709 | O14: 719 | P14: 727 | Q14: 733 | R14: 2689 | S14: 2693 | T14: 2699 | U14: 2707 | V14: 2711 | W14: 2713
A15: Rand4 | B15: =MOD(B14*F$11+F$12,F$13) -> 21774 | C15: =IF(D15<0.5,0,1) -> 1 | D15: =B15/F$13 -> 0.66448975 | E15: =IF(D15<0.25,0,IF(D15<0.5,1,IF(D15<0.75,3,4))) -> 3 | G15: 14 | H15: 739 | I15: 743 | J15: 751 | K15: 757 | L15: 761 | M15: 769 | N15: 773 | O15: 787 | P15: 797 | Q15: 809 | R15: 2749 | S15: 2753 | T15: 2767 | U15: 2777 | V15: 2789 | W15: 2791
A16: Rand5 | B16: =MOD(B15*F$11+F$12,F$13) -> 11055 | C16: =IF(D16<0.5,0,1) -> 0 | D16: =B16/F$13 -> 0.33737183 | E16: =IF(D16<0.25,0,IF(D16<0.5,1,IF(D16<0.75,3,4))) -> 1 | G16: 15 | H16: 811 | I16: 821 | J16: 823 | K16: 827 | L16: 829 | M16: 839 | N16: 853 | O16: 857 | P16: 859 | Q16: 863 | R16: 2833 | S16: 2837 | T16: 2843 | U16: 2851 | V16: 2857 | W16: 2861
A17: Rand6 | B17: =MOD(B16*F$11+F$12,F$13) -> 25916 | C17: =IF(D17<0.5,0,1) -> 1 | D17: =B17/F$13 -> 0.79089355 | E17: =IF(D17<0.25,0,IF(D17<0.5,1,IF(D17<0.75,3,4))) -> 4 | G17: 16 | H17: 877 | I17: 881 | J17: 883 | K17: 887 | L17: 907 | M17: 911 | N17: 919 | O17: 929 | P17: 937 | Q17: 941 | R17: 2909 | S17: 2917 | T17: 2927 | U17: 2939 | V17: 2953 | W17: 2957
A18: Rand7 | B18: =MOD(B17*F$11+F$12,F$13) -> 4805 | C18: =IF(D18<0.5,0,1) -> 0 | D18: =B18/F$13 -> 0.14663696 | E18: =IF(D18<0.25,0,IF(D18<0.5,1,IF(D18<0.75,3,4))) -> 0
A19: Rand8 | B19: =MOD(B18*F$11+F$12,F$13) -> 13338 | C19: =IF(D19<0.5,0,1) -> 0 | D19: =B19/F$13 -> 0.40704346 | E19: =IF(D19<0.25,0,IF(D19<0.5,1,IF(D19<0.75,3,4))) -> 1 | H19: =1+E17 -> 5 | I19: =IF(H21=1,IF(H22=1,"-"&H19&"x - "&H20,"-"&H19&"x + "&H20),IF(H22=1,H19&"x - "&H20,H19&"x + "&H20)) -> 5x + 2 | J19: =IF(H21=1,-H19,H19) -> 5 | K19: m
A20: Rand9 | B20: =MOD(B19*F$11+F$12,F$13) -> 19275 | C20: =IF(D20<0.5,0,1) -> 1 | D20: =B20/F$13 -> 0.58822632 | E20: =IF(D20<0.25,0,IF(D20<0.5,1,IF(D20<0.75,3,4))) -> 3 | H20: =E19+1+E18 -> 2 | J20: =IF(H22=1,-H20,H20) -> 2 | K20: b
A21: Rand10 | B21: =MOD(B20*F$11+F$12,F$13) -> 6440 | C21: =IF(D21<0.5,0,1) -> 0 | D21: =B21/F$13 -> 0.1965332 | E21: =IF(D21<0.25,0,IF(D21<0.5,1,IF(D21<0.75,3,4))) -> 0 | G21: p1 | H21: =C18 -> 0 | I21: Δ y = | J21: =IF(H23=1,-(1+C15),1+C15) -> -2 | K21: =1+C16 -> 1 | L21: = Δ x
A22: Rand11 | B22: =MOD(B21*F$11+F$12,F$13) -> 5697 | C22: =IF(D22<0.5,0,1) -> 0 | D22: =B22/F$13 -> 0.17385864 | E22: =IF(D22<0.25,0,IF(D22<0.5,1,IF(D22<0.75,3,4))) -> 0 | G22: p2 | H22: =C19 -> 0
A23: Rand12 | B23: =MOD(B22*F$11+F$12,F$13) -> 30694 | C23: =IF(D23<0.5,0,1) -> 1 | D23: =B23/F$13 -> 0.93670654 | E23: =IF(D23<0.25,0,IF(D23<0.5,1,IF(D23<0.75,3,4))) -> 4 | G23: p3 | H23: =C20 -> 1 | I23: x | J23: y
A24: Rand13 | B24: =MOD(B23*F$11+F$12,F$13) -> 20775 | C24: =IF(D24<0.5,0,1) -> 1 | D24: =B24/F$13 -> 0.63400269 | E24: =IF(D24<0.25,0,IF(D24<0.5,1,IF(D24<0.75,3,4))) -> 3 | I24: =E16+-5 -> -4 | J24: =J$19*I24+J$20 -> -18 | K24: ="("&I24&", "&J24&")" -> (-4, -18) | M24: =J24+J21 -> -20
A25: Rand14 | B25: =MOD(B24*F$11+F$12,F$13) -> 8148 | C25: =IF(D25<0.5,0,1) -> 0 | D25: =B25/F$13 -> 0.24865723 | E25: =IF(D25<0.25,0,IF(D25<0.5,1,IF(D25<0.75,3,4))) -> 0 | I25: =I24+K21 -> -3 | J25: =IF(M26,J24+J21+1,J24+J21) -> -20 | K25: ="("&I25&", "&J25&")" -> (-3, -20) | M25: =(M24-J24)/(I25-I24) -> -2 | N25: =IFERROR(J24-M24/I24-I25,M24+1) -> -20 | O25: =IFERROR(M24-J24/I25-I24,M24+1) -> -22
A26: Rand15 | B26: =MOD(B25*F$11+F$12,F$13) -> 21885 | C26: =IF(D26<0.5,0,1) -> 1 | D26: =B26/F$13 -> 0.6678772 | E26: =IF(D26<0.25,0,IF(D26<0.5,1,IF(D26<0.75,3,4))) -> 3 | M26: =OR(M25=N25,M25=O25) -> FALSE
A27: Rand16 | B27: =MOD(B26*F$11+F$12,F$13) -> 11378 | C27: =IF(D27<0.5,0,1) -> 0 | D27: =B27/F$13 -> 0.347229 | E27: =IF(D27<0.25,0,IF(D27<0.5,1,IF(D27<0.75,3,4))) -> 1
A28: Rand17 | B28: =MOD(B27*F$11+F$12,F$13) -> 22723 | C28: =IF(D28<0.5,0,1) -> 1 | D28: =B28/F$13 -> 0.69345093 | E28: =IF(D28<0.25,0,IF(D28<0.5,1,IF(D28<0.75,3,4))) -> 3
A29: Rand18 | B29: =MOD(B28*F$11+F$12,F$13) -> 25920 | C29: =IF(D29<0.5,0,1) -> 1 | D29: =B29/F$13 -> 0.79101562 | E29: =IF(D29<0.25,0,IF(D29<0.5,1,IF(D29<0.75,3,4))) -> 4
A30: Rand19 | B30: =MOD(B29*F$11+F$12,F$13) -> 19577 | C30: =IF(D30<0.5,0,1) -> 1 | D30: =B30/F$13 -> 0.59744263 | E30: =IF(D30<0.25,0,IF(D30<0.5,1,IF(D30<0.75,3,4))) -> 3
A31: Rand20 | B31: =MOD(B30*F$11+F$12,F$13) -> 7614 | C31: =IF(D31<0.5,0,1) -> 0 | D31: =B31/F$13 -> 0.23236084 | E31: =IF(D31<0.25,0,IF(D31<0.5,1,IF(D31<0.75,3,4))) -> 0
A32: Rand21 | B32: =MOD(B31*F$11+F$12,F$13) -> 15903 | C32: =IF(D32<0.5,0,1) -> 0 | D32: =B32/F$13 -> 0.48532104 | E32: =IF(D32<0.25,0,IF(D32<0.5,1,IF(D32<0.75,3,4))) -> 1
A33: Rand22 | B33: =MOD(B32*F$11+F$12,F$13) -> 5484 | C33: =IF(D33<0.5,0,1) -> 0 | D33: =B33/F$13 -> 0.1673584 | E33: =IF(D33<0.25,0,IF(D33<0.5,1,IF(D33<0.75,3,4))) -> 0
A34: Rand23 | B34: =MOD(B33*F$11+F$12,F$13) -> 14133 | C34: =IF(D34<0.5,0,1) -> 0 | D34: =B34/F$13 -> 0.43130493 | E34: =IF(D34<0.25,0,IF(D34<0.5,1,IF(D34<0.75,3,4))) -> 1
A35: Rand24 | B35: =MOD(B34*F$11+F$12,F$13) -> 22474 | C35: =IF(D35<0.5,0,1) -> 1 | D35: =B35/F$13 -> 0.68585205 | E35: =IF(D35<0.25,0,IF(D35<0.5,1,IF(D35<0.75,3,4))) -> 3
A36: Rand25 | B36: =MOD(B35*F$11+F$12,F$13) -> 7483 | C36: =IF(D36<0.5,0,1) -> 0 | D36: =B36/F$13 -> 0.22836304 | E36: =IF(D36<0.25,0,IF(D36<0.5,1,IF(D36<0.75,3,4))) -> 0
A37: Rand26 | B37: =MOD(B36*F$11+F$12,F$13) -> 7256 | C37: =IF(D37<0.5,0,1) -> 0 | D37: =B37/F$13 -> 0.22143555 | E37: =IF(D37<0.25,0,IF(D37<0.5,1,IF(D37<0.75,3,4))) -> 0
A38: Rand27 | B38: =MOD(B37*F$11+F$12,F$13) -> 4529 | C38: =IF(D38<0.5,0,1) -> 0 | D38: =B38/F$13 -> 0.13821411 | E38: =IF(D38<0.25,0,IF(D38<0.5,1,IF(D38<0.75,3,4))) -> 0
... A55: Rand44 | B55: =MOD(B54*F$11+F$12,F$13) -> 24902 | C55: =IF(D55<0.5,0,1) -> 1 | D55: =B55/F$13 -> 0.75994873 | E55: =IF(D55<0.25,0,IF(D55<0.5,1,IF(D55<0.75,3,4))) -> 4

Sheet Sheet2
B2: Download and open the sheet.
