Workbook

Sheet Goals and Instructions
B3: Excel Skills Learned | D3: Instructions: Open the tab labeled "Linear Fit" and complete the tasks indicated there. Start by entering your name where indicated. Pay attention to the legend and note that the sheet is self-checking.
B4: Upon completing the sheet, you should have an understanding of:
B5: 1. How to add a scatter plot of data.
B6: 2. How to add a trendline to the scatter plot, extend the trendline as needed, and add the equation of the trendline.
B7: 3. How to add new data to a chart that is already on the sheet.
B8: 4. How to use =SLOPE() and =INTERCEPT() to find the equation for a linear trendline.
B10: Math Skills Learned
B11: 1. How to use a tend line to predict values not provided in the data.
B12: 2. How to read values off of a graph.

Sheet Linear Fit
B1: Video for this.
I2: Legend
B3: Enter your name with at lease 5 letters ⇒ | F3: Your Name | I3: If a cell is shaded | J3: Cell Should Contain
I4: Blue | J4: Text
B5: - Find the slope and intercept of the best fit line, using =slope(distance, speed) and =intercept(distance, speed) - Write the equation of the line. - Fill in the predicted values. | I5: Green | J5: Number
I6: Gold | J6: Excel Formula
I7: Purple | J7: Dropdown Menu
I8: Other Color | J8: Don't make Change
I9: - Insert a scatter plot for the data B12:C17 - Add a linear trendline and extend to include all of the predicted values. - Add the scatter plot of your predictions (see the video)
B10: Stopping distance | E10: Predicted Values
B11: speed (m/s) | C11: distance (m) | E11: speed (m/s) | F11: distance (m)
B12: =Random!E12+Random!E13+1 -> 4 | C12: =IF(F$3="Your Name", "Name in F3",Random!D$13^3*'Linear Fit'!B12^2+4*Random!D12) -> Name in F3 | E12: =ROUNDDOWN(B12-B12/2,0) -> 2
B13: =B12+Random!E14+1 -> 5 | C13: =IF(F$3="Your Name", "Name in F3",Random!D$13^3*'Linear Fit'!B13^2+4*Random!D13) -> Name in F3 | E13: =ROUND((B$17-B$12)/6,0)+E12 -> 4 | I13: Put your scatter plot here. Make sure to add and set the axis titles and set the chart title. Also, make sure to restrict the domain and range so that the graph fills the space and is easy to read.
B14: =B13+Random!E15+1 -> 9 | C14: =IF(F$3="Your Name", "Name in F3",Random!D$13^3*'Linear Fit'!B14^2+4*Random!D14) -> Name in F3 | E14: =ROUND((B$17-B$12)/6,0)+E13 -> 6
B15: =B14+Random!E16+1 -> 11 | C15: =IF(F$3="Your Name", "Name in F3",Random!D$13^3*'Linear Fit'!B15^2+4*Random!D15) -> Name in F3 | E15: =ROUND((B$17-B$12)/6,0)+E14 -> 8
B16: =B15+Random!E17+1 -> 16 | C16: =IF(F$3="Your Name", "Name in F3",Random!D$13^3*'Linear Fit'!B16^2+4*Random!D16) -> Name in F3 | E16: =ROUND((B$17-B$12)/6,0)+E15 -> 10
B17: =B16+Random!E18+1 -> 17 | C17: =IF(F$3="Your Name", "Name in F3",Random!D$13^3*'Linear Fit'!B17^2+4*Random!D17) -> Name in F3 | E17: =ROUND((B$17-B$12)/6,0)+E16 -> 12
E18: =ROUND((B$17-B$12)/6,0)+E17 -> 14
B19: Fit Parameters | E19: =ROUND((B$17-B$12)/6,0)+E18 -> 16
C20: Intercept (b) | E20: =ROUND((B$17-B$12)/6,0)+E19 -> 18
C21: Slope (m) | E21: =ROUND((B$17-B$12)/6,0)+E20 -> 20
E22: =ROUND((B$17-B$12)/6,0)+E21 -> 22
B23: Equation | E23: Format to two decimal places.
H26: ="Use your graph to approximate the stopping distance at a speed of "&(E20+E21)/2&" m/s" -> Use your graph to approximate the stopping distance at a speed of 19 m/s
H27: Give an interpretation of the slope and intercept. Do both make sense?
G29: Slope: | H29: For each additional 1 m/s increase in spead, there is an | N29: m for the stopping distance.
G30: Intercept: | H30: When the velocity is 0 m/s the predicted value of the stopping distance is | O30: m.
F31: Do these make sense?

Sheet GradeShhet
B1: Video for this.
I2: Legend
B3: Enter your name with at lease 5 letters ⇒ | F3: Your Name | I3: If a cell is shaded | J3: Cell Should Contain
I4: Blue | J4: Text
B5: - Find the slope and intercept of the best fit line, using =slope(distance, speed) and =intercept(distance, speed) - Write the equation of the line. - Fill in the predicted values. | I5: Green | J5: Number
I6: Gold | J6: Excel Formula
I7: Any other color | J7: Make no changes
I9: - Insert a scatter plot for the data B12:C17 - Add a linear trendline and extended to include all od the predicted values. - Add the scatter plot of your predictions (see the video)
B10: Stopping distance | E10: Predicted Values
B11: speed (m/s) | C11: distance (m) | E11: speed (m/s) | F11: distance (m)
B12: =Random!E12+Random!E13+1 -> 4 | C12: =IF('Linear Fit'!F$3="Your Name","",'Linear Fit'!C12) | E12: =ROUNDDOWN(B12-B12/2,0) -> 2 | F12: {=B21*E12:E22+B20} -> 0
B13: =B12+Random!E14+1 -> 5 | C13: =IF('Linear Fit'!F$3="Your Name","",'Linear Fit'!C13) | E13: =ROUND((B$17-B$12)/6,0)+E12 -> 4 | F13: 0 | I13: Put your scatter plot here. Make sure to add and set the axis titles and set the chart title. Also, make sure to restrict the domain and range so that the graph fills the space and is easy to read.
B14: =B13+Random!E15+1 -> 9 | C14: =IF('Linear Fit'!F$3="Your Name","",'Linear Fit'!C14) | E14: =ROUND((B$17-B$12)/6,0)+E13 -> 6 | F14: 0
B15: =B14+Random!E16+1 -> 11 | C15: =IF('Linear Fit'!F$3="Your Name","",'Linear Fit'!C15) | E15: =ROUND((B$17-B$12)/6,0)+E14 -> 8 | F15: 0
B16: =B15+Random!E17+1 -> 16 | C16: =IF('Linear Fit'!F$3="Your Name","",'Linear Fit'!C16) | E16: =ROUND((B$17-B$12)/6,0)+E15 -> 10 | F16: 0
B17: =B16+Random!E18+1 -> 17 | C17: =IF('Linear Fit'!F$3="Your Name","",'Linear Fit'!C17) | E17: =ROUND((B$17-B$12)/6,0)+E16 -> 12 | F17: 0
E18: =ROUND((B$17-B$12)/6,0)+E17 -> 14 | F18: 0
B19: Fit Parameters | E19: =ROUND((B$17-B$12)/6,0)+E18 -> 16 | F19: 0
B20: =IF('Linear Fit'!F3="Your Name",,INTERCEPT(GradeShhet!C12:C17,GradeShhet!B12:B17)) -> 0 | C20: Intercept (b) | E20: =ROUND((B$17-B$12)/6,0)+E19 -> 18 | F20: 0
B21: =IF('Linear Fit'!F3="Your Name",,SLOPE(GradeShhet!C12:C17,GradeShhet!B12:B17)) -> 0 | C21: Slope (m) | E21: =ROUND((B$17-B$12)/6,0)+E20 -> 20 | F21: 0
E22: =ROUND((B$17-B$12)/6,0)+E21 -> 22 | F22: 0
B23: Equation | E23: Format to two decimal places.
H26: ="Use your graph to approximate the stopping distance at a speed of "&(E20+E21)/2&" m/s" -> Use your graph to approximate the stopping distance at a speed of 19 m/s
H27: Give an interpretation of the slope and intercept. Do both make sense?

Sheet Random
H1: 1 | I1: 2 | J1: 3 | K1: 4 | L1: 5 | M1: 6 | N1: 7 | O1: 8 | P1: 9 | Q1: 10 | R1: 11 | S1: 12 | T1: 13 | U1: 14 | V1: 15 | W1: 16
G2: 1 | H2: 2 | I2: 3 | J2: 5 | K2: 7 | L2: 11 | M2: 13 | N2: 17 | O2: 19 | P2: 23 | Q2: 29 | R2: 947 | S2: 953 | T2: 967 | U2: 971 | V2: 977 | W2: 983
G3: 2 | H3: 31 | I3: 37 | J3: 41 | K3: 43 | L3: 47 | M3: 53 | N3: 59 | O3: 61 | P3: 67 | Q3: 71 | R3: 991 | S3: 997 | T3: 1009 | U3: 1013 | V3: 1019 | W3: 1021
G4: 3 | H4: 73 | I4: 79 | J4: 83 | K4: 89 | L4: 97 | M4: 101 | N4: 103 | O4: 107 | P4: 109 | Q4: 113 | R4: 1031 | S4: 1033 | T4: 1039 | U4: 1049 | V4: 1051 | W4: 1061
G5: 4 | H5: 127 | I5: 131 | J5: 137 | K5: 139 | L5: 149 | M5: 151 | N5: 157 | O5: 163 | P5: 167 | Q5: 173 | R5: 1993 | S5: 1997 | T5: 1999 | U5: 2003 | V5: 2011 | W5: 2017
A6: 1 | B6: =CODE(MID('Linear Fit'!F$3,A6,1)) -> 89 | C6: =MOD(B6,16) -> 9 | D6: =MOD((B6-C6)/16,16) -> 5 | E6: =INDIRECT("R"&(C6+1)&"C"&(D6+7),0) -> 439 | G6: 5 | H6: 179 | I6: 181 | J6: 191 | K6: 193 | L6: 197 | M6: 199 | N6: 211 | O6: 223 | P6: 227 | Q6: 229 | R6: 2063 | S6: 2069 | T6: 2081 | U6: 2083 | V6: 2087 | W6: 2089
A7: 2 | B7: =CODE(MID('Linear Fit'!F$3,A7,1)) -> 111 | C7: =MOD(B7,16) -> 15 | D7: =MOD((B7-C7)/16,16) -> 6 | E7: =INDIRECT("R"&(C7+1)&"C"&(D7+7),0) -> 839 | G7: 6 | H7: 233 | I7: 239 | J7: 241 | K7: 251 | L7: 257 | M7: 263 | N7: 269 | O7: 271 | P7: 277 | Q7: 281 | R7: 2131 | S7: 2137 | T7: 2141 | U7: 2143 | V7: 2153 | W7: 2161
A8: 3 | B8: =CODE(MID('Linear Fit'!F$3,A8,1)) -> 117 | C8: =MOD(B8,16) -> 5 | D8: =MOD((B8-C8)/16,16) -> 7 | E8: =INDIRECT("R"&(C8+1)&"C"&(D8+7),0) -> 211 | G8: 7 | H8: 283 | I8: 293 | J8: 307 | K8: 311 | L8: 313 | M8: 317 | N8: 331 | O8: 337 | P8: 347 | Q8: 349 | R8: 2221 | S8: 2237 | T8: 2239 | U8: 2243 | V8: 2251 | W8: 2267
A9: 4 | B9: =CODE(MID('Linear Fit'!F$3,A9,1)) -> 114 | C9: =MOD(B9,16) -> 2 | D9: =MOD((B9-C9)/16,16) -> 7 | E9: =INDIRECT("R"&(C9+1)&"C"&(D9+7),0) -> 59 | G9: 8 | H9: 353 | I9: 359 | J9: 367 | K9: 373 | L9: 379 | M9: 383 | N9: 389 | O9: 397 | P9: 401 | Q9: 409 | R9: 2293 | S9: 2297 | T9: 2309 | U9: 2311 | V9: 2333 | W9: 2339
A10: 5 | B10: =CODE(MID('Linear Fit'!F$3,A10,1)) -> 32 | C10: =MOD(B10,16) -> 0 | D10: =MOD((B10-C10)/16,16) -> 2 | E10: =INDIRECT("R"&(C10+1)&"C"&(D10+7),0) -> 2 | G10: 9 | H10: 419 | I10: 421 | J10: 431 | K10: 433 | L10: 439 | M10: 443 | N10: 449 | O10: 457 | P10: 461 | Q10: 463 | R10: 2371 | S10: 2377 | T10: 2381 | U10: 2383 | V10: 2389 | W10: 2393
A11: Seed | B11: =MOD(PRODUCT(E6:E10),F13) -> 3778 | F11: 1103515245 | G11: 10 | H11: 467 | I11: 479 | J11: 487 | K11: 491 | L11: 499 | M11: 503 | N11: 509 | O11: 521 | P11: 523 | Q11: 541 | R11: 2437 | S11: 2441 | T11: 2447 | U11: 2459 | V11: 2467 | W11: 2473
A12: Rand1 | B12: =MOD(B11*F11+F12,F13) -> 5331 | C12: =MOD(B12,2) -> 1 | D12: =B12/F$13 -> 0.16268921 | E12: =IF(D12<0.25,0,IF(D12<0.5,1,IF(D12<0.75,3,4))) -> 0 | F12: 12345 | G12: 11 | H12: 547 | I12: 557 | J12: 563 | K12: 569 | L12: 571 | M12: 577 | N12: 587 | O12: 593 | P12: 599 | Q12: 601 | R12: 2539 | S12: 2543 | T12: 2549 | U12: 2551 | V12: 2557 | W12: 2579
A13: Rand2 | B13: =MOD(B12*F$11+F$12,F$13) -> 22544 | C13: =IF(D13<0.5,0,1) -> 1 | D13: =B13/F$13 -> 0.68798828 | E13: =IF(D13<0.25,0,IF(D13<0.5,1,IF(D13<0.75,3,4))) -> 3 | F13: 32768 | G13: 12 | H13: 607 | I13: 613 | J13: 617 | K13: 619 | L13: 631 | M13: 641 | N13: 643 | O13: 647 | P13: 653 | Q13: 659 | R13: 2621 | S13: 2633 | T13: 2647 | U13: 2657 | V13: 2659 | W13: 2663
A14: Rand3 | B14: =MOD(B13*F$11+F$12,F$13) -> 3849 | C14: =IF(D14<0.5,0,1) -> 0 | D14: =B14/F$13 -> 0.11746216 | E14: =IF(D14<0.25,0,IF(D14<0.5,1,IF(D14<0.75,3,4))) -> 0 | G14: 13 | H14: 661 | I14: 673 | J14: 677 | K14: 683 | L14: 691 | M14: 701 | N14: 709 | O14: 719 | P14: 727 | Q14: 733 | R14: 2689 | S14: 2693 | T14: 2699 | U14: 2707 | V14: 2711 | W14: 2713
A15: Rand4 | B15: =MOD(B14*F$11+F$12,F$13) -> 21774 | C15: =IF(D15<0.5,0,1) -> 1 | D15: =B15/F$13 -> 0.66448975 | E15: =IF(D15<0.25,0,IF(D15<0.5,1,IF(D15<0.75,3,4))) -> 3 | G15: 14 | H15: 739 | I15: 743 | J15: 751 | K15: 757 | L15: 761 | M15: 769 | N15: 773 | O15: 787 | P15: 797 | Q15: 809 | R15: 2749 | S15: 2753 | T15: 2767 | U15: 2777 | V15: 2789 | W15: 2791
A16: Rand5 | B16: =MOD(B15*F$11+F$12,F$13) -> 11055 | C16: =IF(D16<0.5,0,1) -> 0 | D16: =B16/F$13 -> 0.33737183 | E16: =IF(D16<0.25,0,IF(D16<0.5,1,IF(D16<0.75,3,4))) -> 1 | G16: 15 | H16: 811 | I16: 821 | J16: 823 | K16: 827 | L16: 829 | M16: 839 | N16: 853 | O16: 857 | P16: 859 | Q16: 863 | R16: 2833 | S16: 2837 | T16: 2843 | U16: 2851 | V16: 2857 | W16: 2861
A17: Rand6 | B17: =MOD(B16*F$11+F$12,F$13) -> 25916 | C17: =IF(D17<0.5,0,1) -> 1 | D17: =B17/F$13 -> 0.79089355 | E17: =IF(D17<0.25,0,IF(D17<0.5,1,IF(D17<0.75,3,4))) -> 4 | G17: 16 | H17: 877 | I17: 881 | J17: 883 | K17: 887 | L17: 907 | M17: 911 | N17: 919 | O17: 929 | P17: 937 | Q17: 941 | R17: 2909 | S17: 2917 | T17: 2927 | U17: 2939 | V17: 2953 | W17: 2957
A18: Rand7 | B18: =MOD(B17*F$11+F$12,F$13) -> 4805 | C18: =IF(D18<0.5,0,1) -> 0 | D18: =B18/F$13 -> 0.14663696 | E18: =IF(D18<0.25,0,IF(D18<0.5,1,IF(D18<0.75,3,4))) -> 0
A19: Rand8 | B19: =MOD(B18*F$11+F$12,F$13) -> 13338 | C19: =IF(D19<0.5,0,1) -> 0 | D19: =B19/F$13 -> 0.40704346 | E19: =IF(D19<0.25,0,IF(D19<0.5,1,IF(D19<0.75,3,4))) -> 1
A20: Rand9 | B20: =MOD(B19*F$11+F$12,F$13) -> 19275 | C20: =IF(D20<0.5,0,1) -> 1 | D20: =B20/F$13 -> 0.58822632 | E20: =IF(D20<0.25,0,IF(D20<0.5,1,IF(D20<0.75,3,4))) -> 3
A21: Rand10 | B21: =MOD(B20*F$11+F$12,F$13) -> 6440 | C21: =IF(D21<0.5,0,1) -> 0 | D21: =B21/F$13 -> 0.1965332 | E21: =IF(D21<0.25,0,IF(D21<0.5,1,IF(D21<0.75,3,4))) -> 0
A22: Rand11 | B22: =MOD(B21*F$11+F$12,F$13) -> 5697 | C22: =IF(D22<0.5,0,1) -> 0 | D22: =B22/F$13 -> 0.17385864 | E22: =IF(D22<0.25,0,IF(D22<0.5,1,IF(D22<0.75,3,4))) -> 0
A23: Rand12 | B23: =MOD(B22*F$11+F$12,F$13) -> 30694 | C23: =IF(D23<0.5,0,1) -> 1 | D23: =B23/F$13 -> 0.93670654 | E23: =IF(D23<0.25,0,IF(D23<0.5,1,IF(D23<0.75,3,4))) -> 4
A24: Rand13 | B24: =MOD(B23*F$11+F$12,F$13) -> 20775 | C24: =IF(D24<0.5,0,1) -> 1 | D24: =B24/F$13 -> 0.63400269 | E24: =IF(D24<0.25,0,IF(D24<0.5,1,IF(D24<0.75,3,4))) -> 3
A25: Rand14 | B25: =MOD(B24*F$11+F$12,F$13) -> 8148 | C25: =IF(D25<0.5,0,1) -> 0 | D25: =B25/F$13 -> 0.24865723 | E25: =IF(D25<0.25,0,IF(D25<0.5,1,IF(D25<0.75,3,4))) -> 0
A26: Rand15 | B26: =MOD(B25*F$11+F$12,F$13) -> 21885 | C26: =IF(D26<0.5,0,1) -> 1 | D26: =B26/F$13 -> 0.6678772 | E26: =IF(D26<0.25,0,IF(D26<0.5,1,IF(D26<0.75,3,4))) -> 3
A27: Rand16 | B27: =MOD(B26*F$11+F$12,F$13) -> 11378 | C27: =IF(D27<0.5,0,1) -> 0 | D27: =B27/F$13 -> 0.347229 | E27: =IF(D27<0.25,0,IF(D27<0.5,1,IF(D27<0.75,3,4))) -> 1
A28: Rand17 | B28: =MOD(B27*F$11+F$12,F$13) -> 22723 | C28: =IF(D28<0.5,0,1) -> 1 | D28: =B28/F$13 -> 0.69345093 | E28: =IF(D28<0.25,0,IF(D28<0.5,1,IF(D28<0.75,3,4))) -> 3
A29: Rand18 | B29: =MOD(B28*F$11+F$12,F$13) -> 25920 | C29: =IF(D29<0.5,0,1) -> 1 | D29: =B29/F$13 -> 0.79101562 | E29: =IF(D29<0.25,0,IF(D29<0.5,1,IF(D29<0.75,3,4))) -> 4
... A33: Rand22 | B33: =MOD(B32*F$11+F$12,F$13) -> 5484 | C33: =IF(D33<0.5,0,1) -> 0 | D33: =B33/F$13 -> 0.1673584 | E33: =IF(D33<0.25,0,IF(D33<0.5,1,IF(D33<0.75,3,4))) -> 0

Sheet Sheet1
C5: Ignore the Halo preview you must download and open the file in Excel to correctly see the contents.
