Workbook
Name checksys: _xlfn.LAMBDA(IFERROR(IF(ISURL("http://g.co"), "Google Sheets"),IFERROR(IF(DUR2DAYS("1d")>0, "Apple Numbers"),IF(ISERROR(INFO("directory")), "Excel Online", "Excel Desktop"))))

Sheet Goals and Instructions
B3: Excel skills to be learned | D3: Instructions: Open the tab labeled "Basic Excel Formulas" and complete the tasks indicated there. Start by entering your name where indicated. Pay attention to the legend and note that the sheet is self-checking.
B4: Upon completing the sheet, you should have an understanding of:
B5: 1. Using Excel formulas for basic computations
B6: 2. Simple formatting of numbers in Excel
B7: 3. Basic usage of a few operations that act on a range of cells
B8: 4. Intro to basic Excel error messages
B9: Math skills covered in this DQ
B10: This first Excel template focusses on very simple arithmetic concepts and does not introduce any new mathematics. | D10: Warning! You are required to use Excel as provided by GCU as part of Office 365 in this. Work completed in Numbers or Google Sheets, even if correct and exported to Excel, will not be accepted, and you will be required to redo the work. Please make sure your system is set up correctly and that you are logged into Excel or office.com with your GCU credentials. This sheet makes some basic tests to try to guarantee that Excel Online or Excel Desktop is in use. The sheet will not work if this is not the case.
F17: Video on Required Technology
F18: The relevant part is at about 3:10

Sheet Basic Excel Formulas
A1: set A2="*" | L1: =IF(OR(I2="Excel Desktop",I2="Excel Online"),"","You are not using Excel, please proceed to office.com, log in with your GCU credentials, and install the current Office 365, or use the online versions. Work not completed in Excel must be redone.")
C2: Video Instructions | G2: Enter you name here ⇒ | H2: Your Name Here | I2: {=checksys()} -> Excel Desktop
C3: Video on Formatting
B4: Build a little calculator using Excel formulas. | M4: Video on Required Technology
M5: The relevant part is at about 3:10
B6: Inputs | D6: Operation | E6: Excel Equiv | F6: Result | G6: Enter the indicated Excel formula in F8:F12. | I6: Legend: Types of required entries.
B7: a | C7: b | I7: If a cell is shaded | J7: You should
D8: a + b | E8: =a+b | G8: addition | I8: Blue | J8: Enter a text response
B9: Choose values for a and b and verify that your formulas work. | D9: a - b | E9: =a-b | G9: subtraction | I9: Green | J9: Enter a number
D10: a ∙ b | E10: =a*b | G10: multiplication | I10: Gold | J10: Enter an Excel formula
D11: a ÷ b | E11: =a/b | G11: division | I11: Any other color | J11: Make no changes
D12: aᵇ | E12: =a^b | G12: exponentiation
B13: Format the results as "Number" with two decimals. | I13: Legend: Auto Grading
H14: 15/16 | I14: A formula is used, but is incorrect, e.g., missing cell references. | M14: ⇐ The value might be incorrect or correct.
H15: 15 | I15: A formula should have been used, and the value is incorrect.
H16: 16 | I16: A formula should have been used, but the value is correct.
H17: 16 | I17: The correct formula is used.
B18: Practice with simple range operations.
B20: A range is written as "FirstCell:LastCell" so here the data is in E21:E28. You could write =E21+E21+…+E28, or =SUM(E21,E22,…,E28). But in such cases, you should use =SUM(E21:E28). This is easier, saves time, and avoids typos and other mistakes. | E20: Data | F20: Value to calculate | G20: Excel Equivalent | I20: Extra Formatting Instructions
F21: Average | G21: =AVERAGE(RANGE) | I21: Format to show two decimal places, like 12.34
F22: Sum | G22: =SUM(RANGE) | I22: Format to show one decimal place, like 12.3
F23: Product | G23: =PRODUCT(RANGE) | I23: Format to show three decimal places, like 12.345
F24: Enter any values that you want for the data and verify that your formulas are doing what they should.

Sheet Users
A1: Names | B1: Reset | C1: 1 | F1: =IF(M1="ACTIVE", "✓ Tracking Active", "⚠️ ERROR: Enable Iterative Calculations (File > Options > Formulas)") -> ✓ Tracking Active | M1: =IF(M1="ACTIVE", "ACTIVE", "ACTIVE") -> ACTIVE
A2: =IF('Basic Excel Formulas'!H$2<>A3,A3,A2)
A3: =IF('Basic Excel Formulas'!H$2<>A4,A4,A3)
A4: =IF('Basic Excel Formulas'!H$2<>A5,A5,A4)
A5: =IF('Basic Excel Formulas'!H$2<>A6,A6,A5)
A6: =IF('Basic Excel Formulas'!H$2<>A7,A7,A6)
A7: =IF('Basic Excel Formulas'!H$2<>A8,A8,A7)
A8: =IF('Basic Excel Formulas'!H$2<>A9,A9,A8)
A9: =IF('Basic Excel Formulas'!H$2<>A10,A10,A9)
A10: =IF('Basic Excel Formulas'!H$2<>A11,A11,A10)
A11: =IF('Basic Excel Formulas'!H$2<>A12,A12,A11)
A12: =IF('Basic Excel Formulas'!H$2<>A13,A13,A12)
A13: =IF('Basic Excel Formulas'!H$2<>A14,A14,A13)
... A20: =IF('Basic Excel Formulas'!H$2<>A21,A21,A20)
A21: =IF(C$1="","",IF('Basic Excel Formulas'!H$2<>A21,'Basic Excel Formulas'!H$2,A21)) -> Your Name Here

Sheet Solutions
B2: Build a little calculator using Excel formulas. | L2: 1 | M2: 1 | N2: {=L2:L5+M2:M5} -> 2 | O2: =SUM(_xlfn.ANCHORARRAY(N2)) -> 20
L3: 2 | M3: 2 | N3: 4
B4: Inputs | D4: Operation | E4: Excel Equiv | F4: Result | L4: 3 | M4: 3 | N4: 6
B5: a | C5: b | L5: 4 | M5: 4 | N5: 8
D6: a + b | E6: =a+b | F6: ='Basic Excel Formulas'!B8+'Basic Excel Formulas'!C8 -> 0 | G6: {=AND(NOT(ISBLANK('Basic Excel Formulas'!F8)),IFERROR(MID(CELL("format",'Basic Excel Formulas'!F8),2,1)-2<>0,checksys()="Excel Desktop"))} -> FALSE | H6: {=CHECKSUM('Basic Excel Formulas'!F8)} -> FALSE
B7: Choose some values for a and b and verify that your formula work. | D7: a - b | E7: =a-b | F7: ='Basic Excel Formulas'!B8-'Basic Excel Formulas'!C8 -> 0 | G7: {=AND(NOT(ISBLANK('Basic Excel Formulas'!F9)),IFERROR(MID(CELL("format",'Basic Excel Formulas'!F9),2,1)-2<>0,checksys()="Excel Desktop"))} -> FALSE | H7: {=CHECKSUB('Basic Excel Formulas'!F9)} -> FALSE
D8: a ∙ b | E8: =a*b | F8: ='Basic Excel Formulas'!B8*'Basic Excel Formulas'!C8 -> 0 | G8: {=AND(NOT(ISBLANK('Basic Excel Formulas'!F10)),IFERROR(MID(CELL("format",'Basic Excel Formulas'!F10),2,1)-2<>0,checksys()="Excel Desktop"))} -> FALSE | H8: {=CHECKMULT('Basic Excel Formulas'!F10)} -> FALSE
D9: a ÷ b | E9: =a/b | F9: ='Basic Excel Formulas'!B8/'Basic Excel Formulas'!C8 -> #DIV/0! | G9: {=AND(NOT(ISBLANK('Basic Excel Formulas'!F11)),IFERROR(MID(CELL("format",'Basic Excel Formulas'!F11),2,1)-2<>0,checksys()="Excel Desktop"))} -> FALSE | H9: {=CHECKDIV('Basic Excel Formulas'!F11)} -> FALSE | M9: Enter you name here ⇒
D10: aᵇ | E10: =a^b | F10: ='Basic Excel Formulas'!B8^'Basic Excel Formulas'!C8 -> #NUM! | G10: {=AND(NOT(ISBLANK('Basic Excel Formulas'!F12)),IFERROR(MID(CELL("format",'Basic Excel Formulas'!F12),2,1)-2<>0,checksys()="Excel Desktop"))} -> FALSE | H10: {=CHECKPOW('Basic Excel Formulas'!F12)} -> FALSE
G11: =OR(G6:G10) -> FALSE
M12: Legend
B13: Practice with simple range operations. | M13: If a cell is shaded | N13: You should
M14: Blue | N14: Enter a text response
B15: A range is written as "FirstCell:LastCell" so here the data is in D29:D36. You could write =D29+D30+…+D36 or =SUM(D29,D30,…,D36). But in such cases you should use =SUM(D29:D36). This is easier, saes time, and avoids typos and other mistakes. | E15: Data | F15: Value to calculate | G15: Excel Equivalent | H15: Calculated Value | M15: Green | N15: Enter a number
F16: Average | G16: =AVERAGE(RANGE) | H16: =AVERAGE('Basic Excel Formulas'!E21:E28) -> #DIV/0! | I16: {=AND(NOT(ISBLANK('Basic Excel Formulas'!H21)),IFERROR(MID(CELL("format",'Basic Excel Formulas'!H21),2,1)-2<>0,checksys()="Excel Desktop"))} -> FALSE | M16: Gold | N16: Enter an Excel formula
F17: Sum | G17: =SUM(RANGE) | H17: =SUM('Basic Excel Formulas'!E21:E28) -> 0 | I17: {=AND(NOT(ISBLANK('Basic Excel Formulas'!H22)),IFERROR(MID(CELL("format",'Basic Excel Formulas'!H22),2,1)-1<>0,checksys()="Excel Desktop"))} -> FALSE | M17: Any other color | N17: Make no changes
F18: Product | G18: =PRODUCT(RANGE) | H18: =PRODUCT('Basic Excel Formulas'!E21:E28) -> 0 | I18: {=AND(NOT(ISBLANK('Basic Excel Formulas'!H23)),IFERROR(MID(CELL("format",'Basic Excel Formulas'!H23),2,1)-3<>0,checksys()="Excel Desktop"))} -> FALSE
F19: Enter any nuber you want for the data and verify that your formulas are doing what they should.

Sheet Sheet2
B2: Download and open the sheet.
