Workbook

Sheet Goals and Instructions
B3: Excel Skills Learned | D3: Instructions: Open the tab labeled "Linear Fit" and complete the tasks indicated there. Start by entering your name where indicated. Pay attention to the legend and note that the sheet is self-checking.
B4: Upon completing the sheet, you should have an understanding of:
B5: 1. How to add a scatter plot of data.
B6: 2. How to add a trendline to the scatter plot, extend the trendline as needed, and add the equation of the trendline.
B7: 4. How to use =SLOPE() and =INTERCEPT() to find the equation for a linear trendline.
B9: Math Skills Learned
B10: 1. How to use a tend line to predict values not provided in the data.
B11: 2. How to read values off of a graph.
B12: 3. How to correctly interpret the slope and y-intercept of a line for a specific application.

Sheet Linear Fit
C2: Video for this DQ | I2: Video on #SPILL! Error | O2: Legend
O3: If a cell is shaded | P3: Cell Should Contain
O4: Blue | P4: Text
C5: Video on Autofill | I5: Scatter plot with online Excel | O5: Green | P5: Number
O6: Gold | P6: Excel Formula
O7: Any other color | P7: Make no changes
B8: Enter your name with at least 5 letters ⇒ | F8: Your Name
E9: =OR(LEN(F8)<5,F8="Your Name") -> TRUE | F9: =IF(LEN(F8)<5,"Too Short","") | I9: - Insert a scatter plot for the data B17:C22 - Add a linear trendline and extend to include all of the predicted values. | O9: 15 | P9: A formula was used, but the value is incorrect.
B10: - Find the slope and intercept of the best fit line, using =slope(distance, speed) and =intercept(distance, speed) - Write the equation of the line. - Fill in the predicted values. | O10: 15 | P10: A formula should have been used, and the value is incorrect.
O11: 16 | P11: A formula should have been used, but the value is correct.
O12: 16 | P12: A formula was used, and the value is correct.
I13: Put your scatter plot here. Make sure to add and set the axis titles and set the chart title. Also, make sure to restrict the domain and range so that the graph fills the space and is easy to read.
B15: Stopping distance | E15: Predicted Values
B16: (s)peed (m/s) | C16: (d)istance (m) | E16: speed (m/s) | F16: distance (m)
B17: =IF(E$9,"Check F8", Random!I20) -> Check F8 | C17: =IF(E$9, "Check F8",1/((Random!D$12*9+1)*2)*'Linear Fit'!B17^2+(4*Random!D13-1)) -> Check F8 | E17: =IF(E$9, "Check F8", MAX(MIN(B17:B22)-4,0)) -> Check F8
B18: =IF(E$9,"Check F8", Random!I21) -> Check F8 | C18: =IF(E$9, "Check F8",1/((Random!D$12*9+1)*2)*'Linear Fit'!B18^2+(4*Random!D14-1)) -> Check F8 | E18: =IF(E$9, "Check F8",E17+ROUNDUP((8+MAX(B$17:B$22)-MIN(B$17:B$22))/11,0)) -> Check F8
B19: =IF(E$9,"Check F8", Random!I22) -> Check F8 | C19: =IF(E$9, "Check F8",1/((Random!D$12*9+1)*2)*'Linear Fit'!B19^2+(4*Random!D15-1)) -> Check F8 | E19: =IF(E$9, "Check F8",E18+ROUNDUP((8+MAX(B$17:B$22)-MIN(B$17:B$22))/11,0)) -> Check F8
B20: =IF(E$9,"Check F8", Random!I23) -> Check F8 | C20: =IF(E$9, "Check F8",1/((Random!D$12*9+1)*2)*'Linear Fit'!B20^2+(4*Random!D16-1)) -> Check F8 | E20: =IF(E$9, "Check F8",E19+ROUNDUP((8+MAX(B$17:B$22)-MIN(B$17:B$22))/11,0)) -> Check F8
B21: =IF(E$9,"Check F8", Random!I24) -> Check F8 | C21: =IF(E$9, "Check F8",1/((Random!D$12*9+1)*2)*'Linear Fit'!B21^2+(4*Random!D17-1)) -> Check F8 | E21: =IF(E$9, "Check F8",E20+ROUNDUP((8+MAX(B$17:B$22)-MIN(B$17:B$22))/11,0)) -> Check F8
B22: =IF(E$9,"Check F8", Random!I25) -> Check F8 | C22: =IF(E$9, "Check F8",1/((Random!D$12*9+1)*2)*'Linear Fit'!B22^2+(4*Random!D18-1)) -> Check F8 | E22: =IF(E$9, "Check F8",E21+ROUNDUP((8+MAX(B$17:B$22)-MIN(B$17:B$22))/11,0)) -> Check F8
E23: =IF(E$9, "Check F8",E22+ROUNDUP((8+MAX(B$17:B$22)-MIN(B$17:B$22))/11,0)) -> Check F8
B24: Fit Parameters | E24: =IF(E$9, "Check F8",E23+ROUNDUP((8+MAX(B$17:B$22)-MIN(B$17:B$22))/11,0)) -> Check F8
C25: Intercept (b) | E25: =IF(E$9, "Check F8",E24+ROUNDUP((8+MAX(B$17:B$22)-MIN(B$17:B$22))/11,0)) -> Check F8
C26: Slope (m) | E26: =IF(E$9, "Check F8",E25+ROUNDUP((8+MAX(B$17:B$22)-MIN(B$17:B$22))/11,0)) -> Check F8 | H26: =IF(E9,"Check F3","Use your graph to approximate the stopping distance at a speed of "&(E25+E26)/2&" m/s") -> Check F3
B27: Format as "Number" with two decimals. | E27: =IF(E$9, "Check F8",E26+ROUNDUP((8+MAX(B$17:B$22)-MIN(B$17:B$22))/11,0)) -> Check F8
E28: Format as "Number" to two decimal places. | H28: Complete the following two sentences.
H29: For every 1 m/s increase in speed, there is a | L29: m increase in stopping distance.
B30: Equation in s and d | H30: If the speed is 0 m/s, the stopping distance is predicted to be | N30: m.
B32: Round your slope and intercept to two places.
E68: does
E69: does not

Sheet Users
A1: Names | B1: Reset | C1: 1 | D1: ='Linear Fit'!F8 -> Your Name | F1: =IF(M1="ACTIVE", "✓ Tracking Active", "⚠️ ERROR: Enable Iterative Calculations (File > Options > Formulas)") -> ✓ Tracking Active | M1: =IF(M1="ACTIVE", "ACTIVE", "ACTIVE") -> ACTIVE
A2: =IF(D$1<>A3,A3,A2)
A3: =IF(D$1<>A4,A4,A3)
A4: =IF(D$1<>A5,A5,A4)
A5: =IF(D$1<>A6,A6,A5)
A6: =IF(D$1<>A7,A7,A6)
A7: =IF(D$1<>A8,A8,A7)
A8: =IF(D$1<>A9,A9,A8)
A9: =IF(D$1<>A10,A10,A9)
A10: =IF(D$1<>A11,A11,A10)
A11: =IF(D$1<>A12,A12,A11)
A12: =IF(D$1<>A13,A13,A12)
A13: =IF(D$1<>A14,A14,A13)
... A20: =IF(D$1<>A21,A21,A20)
A21: =IF(C$1="","",IF(D$1<>A21,D$1,A21)) -> Your Name

Sheet GradeSheet
B1: Video for this.
B3: Enter your name with at lease 5 letters ⇒ | F3: Your Name
B5: - Find the slope and intercept of the best fit line, using =slope(distance, speed) and =intercept(distance, speed) - Write the equation of the line. - Fill in the predicted values.
I6: =SUBSTITUTE(SUBSTITUTE(_xlfn.FORMULATEXT('Linear Fit'!F17), " ",""),"$","") = "=E17:E27*B26+B25" -> #N/A | J6: =IFERROR(OR(SUBSTITUTE(SUBSTITUTE(_xlfn.FORMULATEXT('Linear Fit'!F17), " ",""),"$","") = "=E17:E27*B26+B25",SUBSTITUTE(SUBSTITUTE(_xlfn.FORMULATEXT('Linear Fit'!F17), " ",""),"$","") = "=B25+E17:E27*B26",SUBSTITUTE(SUBSTITUTE(_xlfn.FORMULATEXT('Linear Fit'!F17), " ",""),"$","") = "=B25+B26*E17:E27",SUBSTITUTE(SUBSTITUTE(_xlfn.FORMULATEXT('Linear Fit'!F17), " ",""),"$","") = "=B26*E17:E27+B25"),FALSE) -> FALSE
I7: =SUBSTITUTE(SUBSTITUTE(_xlfn.FORMULATEXT('Linear Fit'!F17), " ",""),"$","") = "=B25+E17:E27*B26" -> #N/A
I8: =SUBSTITUTE(SUBSTITUTE(_xlfn.FORMULATEXT('Linear Fit'!F17), " ",""),"$","") = "=B25+B26*E17:E27" -> #N/A
I9: =SUBSTITUTE(SUBSTITUTE(_xlfn.FORMULATEXT('Linear Fit'!F17), " ",""),"$","") = "=B26*E17:E27+B25" -> #N/A
B10: Stopping distance | E10: Predicted Values | I10: =OR(SUBSTITUTE(SUBSTITUTE(_xlfn.FORMULATEXT('Linear Fit'!F17), " ",""),"$","") = "=E17:E27*B26+B25",SUBSTITUTE(SUBSTITUTE(_xlfn.FORMULATEXT('Linear Fit'!F17), " ",""),"$","") = "=B25+E17:E27*B26",SUBSTITUTE(SUBSTITUTE(_xlfn.FORMULATEXT('Linear Fit'!F17), " ",""),"$","") = "=B25+B26*E17:E27",SUBSTITUTE(SUBSTITUTE(_xlfn.FORMULATEXT('Linear Fit'!F17), " ",""),"$","") = "=B26*E17:E27+B25") -> #N/A
B11: speed (m/s) | C11: distance (m) | E11: speed (m/s) | F11: distance (m)
B12: ='Linear Fit'!B17 -> Check F8 | C12: ='Linear Fit'!C17 -> Check F8 | E12: ='Linear Fit'!E17 -> Check F8 | F12: =B$21*E12+B$20 -> #DIV/0! | G12: =NOT(OR(I12:K12)) -> FALSE | H12: {=rangepred('Linear Fit'!F17)} -> FALSE | I12: =H$23 -> FALSE | J12: =_xlfn.ISFORMULA('Linear Fit'!F17) -> FALSE | K12: =ISBLANK('Linear Fit'!F17) -> TRUE
B13: ='Linear Fit'!B18 -> Check F8 | C13: ='Linear Fit'!C18 -> Check F8 | E13: ='Linear Fit'!E18 -> Check F8 | F13: =B$21*E13+B$20 -> #DIV/0! | G13: =NOT(OR(I13:K13)) -> FALSE | H13: =ISNUMBER('Linear Fit'!F18) -> FALSE | I13: =H$23 -> FALSE | J13: =_xlfn.ISFORMULA('Linear Fit'!F18) -> FALSE | K13: =ISBLANK('Linear Fit'!F18) -> TRUE
B14: ='Linear Fit'!B19 -> Check F8 | C14: ='Linear Fit'!C19 -> Check F8 | E14: ='Linear Fit'!E19 -> Check F8 | F14: =B$21*E14+B$20 -> #DIV/0! | G14: =NOT(OR(I14:K14)) -> FALSE | H14: =ISNUMBER('Linear Fit'!F19) -> FALSE | I14: =H$23 -> FALSE | J14: =_xlfn.ISFORMULA('Linear Fit'!F19) -> FALSE | K14: =ISBLANK('Linear Fit'!F19) -> TRUE
B15: ='Linear Fit'!B20 -> Check F8 | C15: ='Linear Fit'!C20 -> Check F8 | E15: ='Linear Fit'!E20 -> Check F8 | F15: =B$21*E15+B$20 -> #DIV/0! | G15: =NOT(OR(I15:K15)) -> FALSE | H15: =ISNUMBER('Linear Fit'!F20) -> FALSE | I15: =H$23 -> FALSE | J15: =_xlfn.ISFORMULA('Linear Fit'!F20) -> FALSE | K15: =ISBLANK('Linear Fit'!F20) -> TRUE
B16: ='Linear Fit'!B21 -> Check F8 | C16: ='Linear Fit'!C21 -> Check F8 | E16: ='Linear Fit'!E21 -> Check F8 | F16: =B$21*E16+B$20 -> #DIV/0! | G16: =NOT(OR(I16:K16)) -> FALSE | H16: =ISNUMBER('Linear Fit'!F21) -> FALSE | I16: =H$23 -> FALSE | J16: =_xlfn.ISFORMULA('Linear Fit'!F21) -> FALSE | K16: =ISBLANK('Linear Fit'!F21) -> TRUE
B17: ='Linear Fit'!B22 -> Check F8 | C17: ='Linear Fit'!C22 -> Check F8 | E17: ='Linear Fit'!E22 -> Check F8 | F17: =B$21*E17+B$20 -> #DIV/0! | G17: =NOT(OR(I17:K17)) -> FALSE | H17: =ISNUMBER('Linear Fit'!F22) -> FALSE | I17: =H$23 -> FALSE | J17: =_xlfn.ISFORMULA('Linear Fit'!F22) -> FALSE | K17: =ISBLANK('Linear Fit'!F22) -> TRUE
E18: ='Linear Fit'!E23 -> Check F8 | F18: =B$21*E18+B$20 -> #DIV/0! | G18: =NOT(OR(I18:K18)) -> FALSE | H18: =ISNUMBER('Linear Fit'!F23) -> FALSE | I18: =H$23 -> FALSE | J18: =_xlfn.ISFORMULA('Linear Fit'!F23) -> FALSE | K18: =ISBLANK('Linear Fit'!F23) -> TRUE
B19: Fit Parameters | E19: ='Linear Fit'!E24 -> Check F8 | F19: =B$21*E19+B$20 -> #DIV/0! | G19: =NOT(OR(I19:K19)) -> FALSE | H19: =ISNUMBER('Linear Fit'!F24) -> FALSE | I19: =H$23 -> FALSE | J19: =_xlfn.ISFORMULA('Linear Fit'!F24) -> FALSE | K19: =ISBLANK('Linear Fit'!F24) -> TRUE
B20: =INTERCEPT(C12:C17,B12:B17) -> #DIV/0! | C20: =NOT(OR(_xlfn.ISFORMULA('Linear Fit'!B25),ISBLANK('Linear Fit'!B25))) -> FALSE | E20: ='Linear Fit'!E25 -> Check F8 | F20: =B$21*E20+B$20 -> #DIV/0! | G20: =NOT(OR(I20:K20)) -> FALSE | H20: =ISNUMBER('Linear Fit'!F25) -> FALSE | I20: =H$23 -> FALSE | J20: =_xlfn.ISFORMULA('Linear Fit'!F25) -> FALSE | K20: =ISBLANK('Linear Fit'!F25) -> TRUE
B21: =SLOPE(C12:C17,B12:B17) -> #DIV/0! | C21: =NOT(OR(_xlfn.ISFORMULA('Linear Fit'!B26),ISBLANK('Linear Fit'!B26))) -> FALSE | E21: ='Linear Fit'!E26 -> Check F8 | F21: =B$21*E21+B$20 -> #DIV/0! | G21: =NOT(OR(I21:K21)) -> FALSE | H21: =ISNUMBER('Linear Fit'!F26) -> FALSE | I21: =H$23 -> FALSE | J21: =_xlfn.ISFORMULA('Linear Fit'!F26) -> FALSE | K21: =ISBLANK('Linear Fit'!F26) -> TRUE
E22: ='Linear Fit'!E27 -> Check F8 | F22: =B$21*E22+B$20 -> #DIV/0! | G22: =NOT(OR(I22:K22)) -> FALSE | H22: =ISNUMBER('Linear Fit'!F27) -> FALSE | I22: =H$23 -> FALSE | J22: =_xlfn.ISFORMULA('Linear Fit'!F27) -> FALSE | K22: =ISBLANK('Linear Fit'!F27) -> TRUE
B23: Equation | E23: Format to two decimal places. | H23: =AND(H12:H22) -> FALSE | I23: =H$23 -> FALSE

Sheet Random
H1: 1 | I1: 2 | J1: 3 | K1: 4 | L1: 5 | M1: 6 | N1: 7 | O1: 8 | P1: 9 | Q1: 10 | R1: 11 | S1: 12 | T1: 13 | U1: 14 | V1: 15 | W1: 16
G2: 1 | H2: 2 | I2: 3 | J2: 5 | K2: 7 | L2: 11 | M2: 13 | N2: 17 | O2: 19 | P2: 23 | Q2: 29 | R2: 947 | S2: 953 | T2: 967 | U2: 971 | V2: 977 | W2: 983
G3: 2 | H3: 31 | I3: 37 | J3: 41 | K3: 43 | L3: 47 | M3: 53 | N3: 59 | O3: 61 | P3: 67 | Q3: 71 | R3: 991 | S3: 997 | T3: 1009 | U3: 1013 | V3: 1019 | W3: 1021
G4: 3 | H4: 73 | I4: 79 | J4: 83 | K4: 89 | L4: 97 | M4: 101 | N4: 103 | O4: 107 | P4: 109 | Q4: 113 | R4: 1031 | S4: 1033 | T4: 1039 | U4: 1049 | V4: 1051 | W4: 1061
G5: 4 | H5: 127 | I5: 131 | J5: 137 | K5: 139 | L5: 149 | M5: 151 | N5: 157 | O5: 163 | P5: 167 | Q5: 173 | R5: 1993 | S5: 1997 | T5: 1999 | U5: 2003 | V5: 2011 | W5: 2017
A6: 1 | B6: =CODE(MID('Linear Fit'!F$8,A6,1)) -> 89 | C6: =MOD(B6,16) -> 9 | D6: =MOD((B6-C6)/16,16) -> 5 | E6: =INDIRECT("R"&(C6+1)&"C"&(D6+7),0) -> 439 | G6: 5 | H6: 179 | I6: 181 | J6: 191 | K6: 193 | L6: 197 | M6: 199 | N6: 211 | O6: 223 | P6: 227 | Q6: 229 | R6: 2063 | S6: 2069 | T6: 2081 | U6: 2083 | V6: 2087 | W6: 2089
A7: 2 | B7: =CODE(MID('Linear Fit'!F$8,A7,1)) -> 111 | C7: =MOD(B7,16) -> 15 | D7: =MOD((B7-C7)/16,16) -> 6 | E7: =INDIRECT("R"&(C7+1)&"C"&(D7+7),0) -> 839 | G7: 6 | H7: 233 | I7: 239 | J7: 241 | K7: 251 | L7: 257 | M7: 263 | N7: 269 | O7: 271 | P7: 277 | Q7: 281 | R7: 2131 | S7: 2137 | T7: 2141 | U7: 2143 | V7: 2153 | W7: 2161
A8: 3 | B8: =CODE(MID('Linear Fit'!F$8,A8,1)) -> 117 | C8: =MOD(B8,16) -> 5 | D8: =MOD((B8-C8)/16,16) -> 7 | E8: =INDIRECT("R"&(C8+1)&"C"&(D8+7),0) -> 211 | G8: 7 | H8: 283 | I8: 293 | J8: 307 | K8: 311 | L8: 313 | M8: 317 | N8: 331 | O8: 337 | P8: 347 | Q8: 349 | R8: 2221 | S8: 2237 | T8: 2239 | U8: 2243 | V8: 2251 | W8: 2267
A9: 4 | B9: =CODE(MID('Linear Fit'!F$8,A9,1)) -> 114 | C9: =MOD(B9,16) -> 2 | D9: =MOD((B9-C9)/16,16) -> 7 | E9: =INDIRECT("R"&(C9+1)&"C"&(D9+7),0) -> 59 | G9: 8 | H9: 353 | I9: 359 | J9: 367 | K9: 373 | L9: 379 | M9: 383 | N9: 389 | O9: 397 | P9: 401 | Q9: 409 | R9: 2293 | S9: 2297 | T9: 2309 | U9: 2311 | V9: 2333 | W9: 2339
A10: 5 | B10: =CODE(MID('Linear Fit'!F$8,A10,1)) -> 32 | C10: =MOD(B10,16) -> 0 | D10: =MOD((B10-C10)/16,16) -> 2 | E10: =INDIRECT("R"&(C10+1)&"C"&(D10+7),0) -> 2 | G10: 9 | H10: 419 | I10: 421 | J10: 431 | K10: 433 | L10: 439 | M10: 443 | N10: 449 | O10: 457 | P10: 461 | Q10: 463 | R10: 2371 | S10: 2377 | T10: 2381 | U10: 2383 | V10: 2389 | W10: 2393
A11: Seed | B11: =MOD(PRODUCT(E6:E10),F13) -> 3778 | F11: 1103515245 | G11: 10 | H11: 467 | I11: 479 | J11: 487 | K11: 491 | L11: 499 | M11: 503 | N11: 509 | O11: 521 | P11: 523 | Q11: 541 | R11: 2437 | S11: 2441 | T11: 2447 | U11: 2459 | V11: 2467 | W11: 2473
A12: Rand1 | B12: =MOD(B11*F11+F12,F13) -> 5331 | C12: =MOD(B12,2) -> 1 | D12: =B12/F$13 -> 0.16268921 | E12: =(IF(D12<0.25,0,IF(D12<0.5,1,IF(D12<0.75,3,4)))+1)*IF(C12=1,1,-1) -> 1 | F12: 12345 | G12: 11 | H12: 547 | I12: 557 | J12: 563 | K12: 569 | L12: 571 | M12: 577 | N12: 587 | O12: 593 | P12: 599 | Q12: 601 | R12: 2539 | S12: 2543 | T12: 2549 | U12: 2551 | V12: 2557 | W12: 2579
A13: Rand2 | B13: =MOD(B12*F$11+F$12,F$13) -> 22544 | C13: =IF(D13<0.5,0,1) -> 1 | D13: =B13/F$13 -> 0.68798828 | E13: =(IF(D13<0.25,0,IF(D13<0.5,1,IF(D13<0.75,3,4)))+1)*IF(C13=1,1,-1) -> 4 | F13: 32768 | G13: 12 | H13: 607 | I13: 613 | J13: 617 | K13: 619 | L13: 631 | M13: 641 | N13: 643 | O13: 647 | P13: 653 | Q13: 659 | R13: 2621 | S13: 2633 | T13: 2647 | U13: 2657 | V13: 2659 | W13: 2663
A14: Rand3 | B14: =MOD(B13*F$11+F$12,F$13) -> 3849 | C14: =IF(D14<0.5,0,1) -> 0 | D14: =B14/F$13 -> 0.11746216 | E14: =(IF(D14<0.25,0,IF(D14<0.5,1,IF(D14<0.75,3,4)))+1)*IF(C14=1,1,-1) -> -1 | G14: 13 | H14: 661 | I14: 673 | J14: 677 | K14: 683 | L14: 691 | M14: 701 | N14: 709 | O14: 719 | P14: 727 | Q14: 733 | R14: 2689 | S14: 2693 | T14: 2699 | U14: 2707 | V14: 2711 | W14: 2713
A15: Rand4 | B15: =MOD(B14*F$11+F$12,F$13) -> 21774 | C15: =IF(D15<0.5,0,1) -> 1 | D15: =B15/F$13 -> 0.66448975 | E15: =(IF(D15<0.25,0,IF(D15<0.5,1,IF(D15<0.75,3,4)))+1)*IF(C15=1,1,-1) -> 4 | G15: 14 | H15: 739 | I15: 743 | J15: 751 | K15: 757 | L15: 761 | M15: 769 | N15: 773 | O15: 787 | P15: 797 | Q15: 809 | R15: 2749 | S15: 2753 | T15: 2767 | U15: 2777 | V15: 2789 | W15: 2791
A16: Rand5 | B16: =MOD(B15*F$11+F$12,F$13) -> 11055 | C16: =IF(D16<0.5,0,1) -> 0 | D16: =B16/F$13 -> 0.33737183 | E16: =(IF(D16<0.25,0,IF(D16<0.5,1,IF(D16<0.75,3,4)))+1)*IF(C16=1,1,-1) -> -2 | G16: 15 | H16: 811 | I16: 821 | J16: 823 | K16: 827 | L16: 829 | M16: 839 | N16: 853 | O16: 857 | P16: 859 | Q16: 863 | R16: 2833 | S16: 2837 | T16: 2843 | U16: 2851 | V16: 2857 | W16: 2861
A17: Rand6 | B17: =MOD(B16*F$11+F$12,F$13) -> 25916 | C17: =IF(D17<0.5,0,1) -> 1 | D17: =B17/F$13 -> 0.79089355 | E17: =(IF(D17<0.25,0,IF(D17<0.5,1,IF(D17<0.75,3,4)))+1)*IF(C17=1,1,-1) -> 5 | G17: 16 | H17: 877 | I17: 881 | J17: 883 | K17: 887 | L17: 907 | M17: 911 | N17: 919 | O17: 929 | P17: 937 | Q17: 941 | R17: 2909 | S17: 2917 | T17: 2927 | U17: 2939 | V17: 2953 | W17: 2957
A18: Rand7 | B18: =MOD(B17*F$11+F$12,F$13) -> 4805 | C18: =IF(D18<0.5,0,1) -> 0 | D18: =B18/F$13 -> 0.14663696 | E18: =(IF(D18<0.25,0,IF(D18<0.5,1,IF(D18<0.75,3,4)))+1)*IF(C18=1,1,-1) -> -1
A19: Rand8 | B19: =MOD(B18*F$11+F$12,F$13) -> 13338 | C19: =IF(D19<0.5,0,1) -> 0 | D19: =B19/F$13 -> 0.40704346 | E19: =(IF(D19<0.25,0,IF(D19<0.5,1,IF(D19<0.75,3,4)))+1)*IF(C19=1,1,-1) -> -2
A20: Rand9 | B20: =MOD(B19*F$11+F$12,F$13) -> 19275 | C20: =IF(D20<0.5,0,1) -> 1 | D20: =B20/F$13 -> 0.58822632 | E20: =(IF(D20<0.25,0,IF(D20<0.5,1,IF(D20<0.75,3,4)))+1)*IF(C20=1,1,-1) -> 4 | H20: =10+SUM(E$12:E13) -> 15 | I20: =IF(H20>=0,H20,-H20) -> 15
A21: Rand10 | B21: =MOD(B20*F$11+F$12,F$13) -> 6440 | C21: =IF(D21<0.5,0,1) -> 0 | D21: =B21/F$13 -> 0.1965332 | E21: =(IF(D21<0.25,0,IF(D21<0.5,1,IF(D21<0.75,3,4)))+1)*IF(C21=1,1,-1) -> -1 | H21: =10+SUM(E$12:E14) -> 14 | I21: =IF(H21>=0,H21,-H21) -> 14
A22: Rand11 | B22: =MOD(B21*F$11+F$12,F$13) -> 5697 | C22: =IF(D22<0.5,0,1) -> 0 | D22: =B22/F$13 -> 0.17385864 | E22: =(IF(D22<0.25,0,IF(D22<0.5,1,IF(D22<0.75,3,4)))+1)*IF(C22=1,1,-1) -> -1 | H22: =10+SUM(E$12:E15) -> 18 | I22: =IF(H22>=0,H22,-H22) -> 18
A23: Rand12 | B23: =MOD(B22*F$11+F$12,F$13) -> 30694 | C23: =IF(D23<0.5,0,1) -> 1 | D23: =B23/F$13 -> 0.93670654 | E23: =(IF(D23<0.25,0,IF(D23<0.5,1,IF(D23<0.75,3,4)))+1)*IF(C23=1,1,-1) -> 5 | H23: =10+SUM(E$12:E16) -> 16 | I23: =IF(H23>=0,H23,-H23) -> 16
A24: Rand13 | B24: =MOD(B23*F$11+F$12,F$13) -> 20775 | C24: =IF(D24<0.5,0,1) -> 1 | D24: =B24/F$13 -> 0.63400269 | E24: =(IF(D24<0.25,0,IF(D24<0.5,1,IF(D24<0.75,3,4)))+1)*IF(C24=1,1,-1) -> 4 | H24: =10+SUM(E$12:E17) -> 21 | I24: =IF(H24>=0,H24,-H24) -> 21
A25: Rand14 | B25: =MOD(B24*F$11+F$12,F$13) -> 8148 | C25: =IF(D25<0.5,0,1) -> 0 | D25: =B25/F$13 -> 0.24865723 | E25: =(IF(D25<0.25,0,IF(D25<0.5,1,IF(D25<0.75,3,4)))+1)*IF(C25=1,1,-1) -> -1 | H25: =10+SUM(E$12:E18) -> 20 | I25: =IF(H25>=0,H25,-H25) -> 20
A26: Rand15 | B26: =MOD(B25*F$11+F$12,F$13) -> 21885 | C26: =IF(D26<0.5,0,1) -> 1 | D26: =B26/F$13 -> 0.6678772 | E26: =(IF(D26<0.25,0,IF(D26<0.5,1,IF(D26<0.75,3,4)))+1)*IF(C26=1,1,-1) -> 4 | H26: =10+SUM(E$12:E19) -> 18 | I26: =IF(H26>=0,H26,-H26) -> 18
A27: Rand16 | B27: =MOD(B26*F$11+F$12,F$13) -> 11378 | C27: =IF(D27<0.5,0,1) -> 0 | D27: =B27/F$13 -> 0.347229 | E27: =(IF(D27<0.25,0,IF(D27<0.5,1,IF(D27<0.75,3,4)))+1)*IF(C27=1,1,-1) -> -2 | H27: =10+SUM(E$12:E20) -> 22 | I27: =IF(H27>=0,H27,-H27) -> 22
A28: Rand17 | B28: =MOD(B27*F$11+F$12,F$13) -> 22723 | C28: =IF(D28<0.5,0,1) -> 1 | D28: =B28/F$13 -> 0.69345093 | E28: =(IF(D28<0.25,0,IF(D28<0.5,1,IF(D28<0.75,3,4)))+1)*IF(C28=1,1,-1) -> 4 | H28: =10+SUM(E$12:E21) -> 21 | I28: =IF(H28>=0,H28,-H28) -> 21
A29: Rand18 | B29: =MOD(B28*F$11+F$12,F$13) -> 25920 | C29: =IF(D29<0.5,0,1) -> 1 | D29: =B29/F$13 -> 0.79101562 | E29: =(IF(D29<0.25,0,IF(D29<0.5,1,IF(D29<0.75,3,4)))+1)*IF(C29=1,1,-1) -> 5 | H29: =10+SUM(E$12:E22) -> 20 | I29: =IF(H29>=0,H29,-H29) -> 20
A30: Rand19 | B30: =MOD(B29*F$11+F$12,F$13) -> 19577 | C30: =IF(D30<0.5,0,1) -> 1 | D30: =B30/F$13 -> 0.59744263 | E30: =(IF(D30<0.25,0,IF(D30<0.5,1,IF(D30<0.75,3,4)))+1)*IF(C30=1,1,-1) -> 4
A31: Rand20 | B31: =MOD(B30*F$11+F$12,F$13) -> 7614 | C31: =IF(D31<0.5,0,1) -> 0 | D31: =B31/F$13 -> 0.23236084 | E31: =(IF(D31<0.25,0,IF(D31<0.5,1,IF(D31<0.75,3,4)))+1)*IF(C31=1,1,-1) -> -1
A32: Rand21 | B32: =MOD(B31*F$11+F$12,F$13) -> 15903 | C32: =IF(D32<0.5,0,1) -> 0 | D32: =B32/F$13 -> 0.48532104 | E32: =(IF(D32<0.25,0,IF(D32<0.5,1,IF(D32<0.75,3,4)))+1)*IF(C32=1,1,-1) -> -2
A33: Rand22 | B33: =MOD(B32*F$11+F$12,F$13) -> 5484 | C33: =IF(D33<0.5,0,1) -> 0 | D33: =B33/F$13 -> 0.1673584 | E33: =(IF(D33<0.25,0,IF(D33<0.5,1,IF(D33<0.75,3,4)))+1)*IF(C33=1,1,-1) -> -1

Sheet Sheet1
C5: Ignore the Halo preview you must download and open the file in Excel to correctly see the contents.
