Workbook

Sheet Constant Change
A1: Name (at least 5 letters) ⇒ | D1: Your Name | E1: Change = Growth
E2: So the model derived here is the same if we model a fixed growth (per period) or a fixed change (per period). The period can be any fixed amount of time, e.g., year, day, hour, etc.
M4: Video explaining this. Taken from office hours.
E5: The model is a linear model Q(t) = Q₀ + r∙t, where Q₀ is the initial quantity and r = change per period. This is a straight line with y-intercept = Q₀ and slope = r.
A7: Period | B7: Value | D7: Change | E7: Percent Change | F7: Formula using change | I7: Formula using percent change
A8: 0 | B8: Q₀ | C8: =MOD(Sheet2!B12,1000)+1000 -> 1331
A9: 1 | B9: Q₁ | C9: =C8+ROUND(SIGN(Sheet2!B$14-Sheet2!B$15)*100*Sheet2!D$15,2) -> 1264.55 | D9: =C9-C8 -> -66.45 | E9: =C9/C8-1 -> -0.049924869 | F9: =B9&" = "&B8&" + "&ROUND(D9,2) -> Q₁ = Q₀ + -66.45 | I9: =B9&" = "&B8&" + "&B8&"∙("&ROUND(E9*100,2)&"%) = "&B8&"∙(1 + "&ROUND(E9*100,2)&"%)" -> Q₁ = Q₀ + Q₀∙(-4.99%) = Q₀∙(1 + -4.99%)
A10: 2 | B10: Q₂ | C10: =C9+ROUND(SIGN(Sheet2!B$14-Sheet2!B$15)*100*Sheet2!D$15,2) -> 1198.1 | D10: =C10-C9 -> -66.45 | E10: =C10/C9-1 -> -0.052548337 | F10: =B10&" = "&B9&" + "&ROUND(D10,2)&" = "&B$8&" + "&A10&"∙("&ROUND(D10,2)&")" -> Q₂ = Q₁ + -66.45 = Q₀ + 2∙(-66.45) | I10: =B10&" = "&B9&" + "&B9&"∙("&ROUND(E10*100,2)&"%) = "&B9&"∙(1 + "&ROUND(E10*100,2)&"%)" -> Q₂ = Q₁ + Q₁∙(-5.25%) = Q₁∙(1 + -5.25%)
A11: 3 | B11: Q₃ | C11: =C10+ROUND(SIGN(Sheet2!B$14-Sheet2!B$15)*100*Sheet2!D$15,2) -> 1131.65 | D11: =C11-C10 -> -66.45 | E11: =C11/C10-1 -> -0.055462816 | F11: =B11&" = "&B10&" + "&ROUND(D11,2)&" = "&B$8&" + "&A11&"∙("&ROUND(D11,2)&")" -> Q₃ = Q₂ + -66.45 = Q₀ + 3∙(-66.45) | I11: =B11&" = "&B10&" + "&B10&"∙("&ROUND(E11*100,2)&"%) = "&B10&"∙(1 + "&ROUND(E11*100,2)&"%)" -> Q₃ = Q₂ + Q₂∙(-5.55%) = Q₂∙(1 + -5.55%)
A12: 4 | B12: Q₄ | C12: =C11+ROUND(SIGN(Sheet2!B$14-Sheet2!B$15)*100*Sheet2!D$15,2) -> 1065.2 | D12: =C12-C11 -> -66.45 | E12: =C12/C11-1 -> -0.058719569 | F12: =B12&" = "&B11&" + "&ROUND(D12,2)&" = "&B$8&" + "&A12&"∙("&ROUND(D12,2)&")" -> Q₄ = Q₃ + -66.45 = Q₀ + 4∙(-66.45) | I12: =B12&" = "&B11&" + "&B11&"∙("&ROUND(E12*100,2)&"%) = "&B11&"∙(1 + "&ROUND(E12*100,2)&"%)" -> Q₄ = Q₃ + Q₃∙(-5.87%) = Q₃∙(1 + -5.87%)
A13: 5 | B13: Q₅ | C13: =C12+ROUND(SIGN(Sheet2!B$14-Sheet2!B$15)*100*Sheet2!D$15,2) -> 998.75 | D13: =C13-C12 -> -66.45 | E13: =C13/C12-1 -> -0.062382651 | F13: =B13&" = "&B12&" + "&ROUND(D13,2)&" = "&B$8&" + "&A13&"∙("&ROUND(D13,2)&")" -> Q₅ = Q₄ + -66.45 = Q₀ + 5∙(-66.45) | I13: =B13&" = "&B12&" + "&B12&"∙("&ROUND(E13*100,2)&"%) = "&B12&"∙(1 + "&ROUND(E13*100,2)&"%)" -> Q₅ = Q₄ + Q₄∙(-6.24%) = Q₄∙(1 + -6.24%)
A14: 6 | B14: Q₆ | C14: =C13+ROUND(SIGN(Sheet2!B$14-Sheet2!B$15)*100*Sheet2!D$15,2) -> 932.3 | D14: =C14-C13 -> -66.45 | E14: =C14/C13-1 -> -0.066533166 | F14: =B14&" = "&B13&" + "&ROUND(D14,2)&" = "&B$8&" + "&A14&"∙("&ROUND(D14,2)&")" -> Q₆ = Q₅ + -66.45 = Q₀ + 6∙(-66.45) | I14: =B14&" = "&B13&" + "&B13&"∙("&ROUND(E14*100,2)&"%) = "&B13&"∙(1 + "&ROUND(E14*100,2)&"%)" -> Q₆ = Q₅ + Q₅∙(-6.65%) = Q₅∙(1 + -6.65%)
A15: 7 | B15: Q₇ | C15: =C14+ROUND(SIGN(Sheet2!B$14-Sheet2!B$15)*100*Sheet2!D$15,2) -> 865.85 | D15: =C15-C14 -> -66.45 | E15: =C15/C14-1 -> -0.071275341 | F15: =B15&" = "&B14&" + "&ROUND(D15,2)&" = "&B$8&" + "&A15&"∙("&ROUND(D15,2)&")" -> Q₇ = Q₆ + -66.45 = Q₀ + 7∙(-66.45) | I15: =B15&" = "&B14&" + "&B14&"∙("&ROUND(E15*100,2)&"%) = "&B14&"∙(1 + "&ROUND(E15*100,2)&"%)" -> Q₇ = Q₆ + Q₆∙(-7.13%) = Q₆∙(1 + -7.13%)
A16: 8 | B16: Q₈ | C16: =C15+ROUND(SIGN(Sheet2!B$14-Sheet2!B$15)*100*Sheet2!D$15,2) -> 799.4 | D16: =C16-C15 -> -66.45 | E16: =C16/C15-1 -> -0.076745395 | F16: =B16&" = "&B15&" + "&ROUND(D16,2)&" = "&B$8&" + "&A16&"∙("&ROUND(D16,2)&")" -> Q₈ = Q₇ + -66.45 = Q₀ + 8∙(-66.45) | I16: =B16&" = "&B15&" + "&B15&"∙("&ROUND(E16*100,2)&"%) = "&B15&"∙(1 + "&ROUND(E16*100,2)&"%)" -> Q₈ = Q₇ + Q₇∙(-7.67%) = Q₇∙(1 + -7.67%)
A17: 9 | B17: Q₉ | C17: =C16+ROUND(SIGN(Sheet2!B$14-Sheet2!B$15)*100*Sheet2!D$15,2) -> 732.95 | D17: =C17-C16 -> -66.45 | E17: =C17/C16-1 -> -0.083124844 | F17: =B17&" = "&B16&" + "&ROUND(D17,2)&" = "&B$8&" + "&A17&"∙("&ROUND(D17,2)&")" -> Q₉ = Q₈ + -66.45 = Q₀ + 9∙(-66.45) | I17: =B17&" = "&B16&" + "&B16&"∙("&ROUND(E17*100,2)&"%) = "&B16&"∙(1 + "&ROUND(E17*100,2)&"%)" -> Q₉ = Q₈ + Q₈∙(-8.31%) = Q₈∙(1 + -8.31%)
A18: 10 | B18: Q₁₀ | C18: =C17+ROUND(SIGN(Sheet2!B$14-Sheet2!B$15)*100*Sheet2!D$15,2) -> 666.5 | D18: =C18-C17 -> -66.45 | E18: =C18/C17-1 -> -0.090661027 | F18: =B18&" = "&B17&" + "&ROUND(D18,2)&" = "&B$8&" + "&A18&"∙("&ROUND(D18,2)&")" -> Q₁₀ = Q₉ + -66.45 = Q₀ + 10∙(-66.45) | I18: =B18&" = "&B17&" + "&B17&"∙("&ROUND(E18*100,2)&"%) = "&B17&"∙(1 + "&ROUND(E18*100,2)&"%)" -> Q₁₀ = Q₉ + Q₉∙(-9.07%) = Q₉∙(1 + -9.07%)
A19: ⋮ | B19: ⋮ | C19: ⋮ | D19: ⋮ | E19: ⋮ | F19: =A19 -> ⋮ | I19: ⋮
A20: n | B20: Qₙ | D20: =D18 -> -66.45 | E20: ??? | F20: =B20&" = "&B$8&" + "&A20&"∙("&ROUND(D20,2)&")" -> Qₙ = Q₀ + n∙(-66.45) | I20: ???

Sheet Users
A1: Names | B1: Reset | C1: 1 | D1: ='Constant Change'!D1 -> Your Name | F1: =IF(M1="ACTIVE", "✓ Tracking Active", "⚠️ ERROR: Enable Iterative Calculations (File > Options > Formulas)") -> ✓ Tracking Active | M1: =IF(M1="ACTIVE", "ACTIVE", "ACTIVE") -> ACTIVE
A2: =IF(D$1<>A3,A3,A2)
A3: =IF(D$1<>A4,A4,A3)
A4: =IF(D$1<>A5,A5,A4)
A5: =IF(D$1<>A6,A6,A5)
A6: =IF(D$1<>A7,A7,A6)
A7: =IF(D$1<>A8,A8,A7)
A8: =IF(D$1<>A9,A9,A8)
A9: =IF(D$1<>A10,A10,A9)
A10: =IF(D$1<>A11,A11,A10)
A11: =IF(D$1<>A12,A12,A11)
A12: =IF(D$1<>A13,A13,A12)
A13: =IF(D$1<>A14,A14,A13)
... A20: =IF(D$1<>A21,A21,A20) -> aword
A21: =IF(C1="","",IF(D$1<>A21,D$1,A21)) -> Your Name

Sheet Constant Percent Change
E1: Percent Change = Relative Change = Relative Growth Rate
E2: So the model derived here is the same if we model a fixed relative growth rate (per period) or a fixed percentage change (per period). The period can be any fixed amount of time, e.g., year, day, hour, etc.
M3: Video explaining this. Taken from office hours.
E5: This is an exponential model Q(t) = Q₀∙bt where Q₀ = the initial value (y-intercept) and b = 1 + r, where r = the relative growth rate (per period)
A7: Period | B7: Value | D7: Change | E7: Percent Change | F7: Formula using change | I7: Formula using percent change
A8: 0 | B8: Q₀ | C8: =MOD(Sheet2!B12,1000)+1000 -> 1331
A9: 1 | B9: Q₁ | C9: =C8*ROUND(1+SIGN(Sheet2!B$14-Sheet2!B$15)*Sheet2!D$15%,5) -> 1322.1622 | D9: =C9-C8 -> -8.83784 | E9: =C9/C8-1 -> -0.00664 | F9: =B9&" = "&B8&" + "&ROUND(D9,2) -> Q₁ = Q₀ + -8.84 | I9: =B9&" = "&B8&" + "&B8&"∙("&ROUND(E9*100,2)&"%) = "&B8&"∙(1 + "&ROUND(E9*100,2)&"%)" -> Q₁ = Q₀ + Q₀∙(-0.66%) = Q₀∙(1 + -0.66%)
A10: 2 | B10: Q₂ | C10: =C9*ROUND(1+SIGN(Sheet2!B$14-Sheet2!B$15)*Sheet2!D$15%,5) -> 1313.383 | D10: =C10-C9 -> -8.7791567 | E10: =C10/C9-1 -> -0.00664 | F10: =B10&" = "&B9&" + "&ROUND(D10,2)&"" -> Q₂ = Q₁ + -8.78 | I10: =B10&" = "&B9&" + "&B9&"∙("&ROUND(E10*100,2)&"%) = "&B9&"∙(1 + "&ROUND(E10*100,2)&"%) = "&B$8&"∙(1 + "&ROUND(E10*100,2)&"%)²" -> Q₂ = Q₁ + Q₁∙(-0.66%) = Q₁∙(1 + -0.66%) = Q₀∙(1 + -0.66%)²
A11: 3 | B11: Q₃ | C11: =C10*ROUND(1+SIGN(Sheet2!B$14-Sheet2!B$15)*Sheet2!D$15%,5) -> 1304.6621 | D11: =C11-C10 -> -8.7208631 | E11: =C11/C10-1 -> -0.00664 | F11: =B11&" = "&B10&" + "&ROUND(D11,2)&"" -> Q₃ = Q₂ + -8.72 | I11: =B11&" = "&B10&" + "&B10&"∙("&ROUND(E11*100,2)&"%) = "&B10&"∙(1 + "&ROUND(E11*100,2)&"%) = "&B$8&"∙(1 + "&ROUND(E11*100,2)&"%)³" -> Q₃ = Q₂ + Q₂∙(-0.66%) = Q₂∙(1 + -0.66%) = Q₀∙(1 + -0.66%)³
A12: 4 | B12: Q₄ | C12: =C11*ROUND(1+SIGN(Sheet2!B$14-Sheet2!B$15)*Sheet2!D$15%,5) -> 1295.9992 | D12: =C12-C11 -> -8.6629566 | E12: =C12/C11-1 -> -0.00664 | F12: =B12&" = "&B11&" + "&ROUND(D12,2)&"" -> Q₄ = Q₃ + -8.66 | I12: =B12&" = "&B11&" + "&B11&"∙("&ROUND(E12*100,2)&"%) = "&B11&"∙(1 + "&ROUND(E12*100,2)&"%) = "&B$8&"∙(1 + "&ROUND(E12*100,2)&"%)⁴" -> Q₄ = Q₃ + Q₃∙(-0.66%) = Q₃∙(1 + -0.66%) = Q₀∙(1 + -0.66%)⁴
A13: 5 | B13: Q₅ | C13: =C12*ROUND(1+SIGN(Sheet2!B$14-Sheet2!B$15)*Sheet2!D$15%,5) -> 1287.3937 | D13: =C13-C12 -> -8.6054346 | E13: =C13/C12-1 -> -0.00664 | F13: =B13&" = "&B12&" + "&ROUND(D13,2)&"" -> Q₅ = Q₄ + -8.61 | I13: =B13&" = "&B12&" + "&B12&"∙("&ROUND(E13*100,2)&"%) = "&B12&"∙(1 + "&ROUND(E13*100,2)&"%) = "&B$8&"∙(1 + "&ROUND(E13*100,2)&"%)⁵" -> Q₅ = Q₄ + Q₄∙(-0.66%) = Q₄∙(1 + -0.66%) = Q₀∙(1 + -0.66%)⁵
A14: 6 | B14: Q₆ | C14: =C13*ROUND(1+SIGN(Sheet2!B$14-Sheet2!B$15)*Sheet2!D$15%,5) -> 1278.8455 | D14: =C14-C13 -> -8.5482945 | E14: =C14/C13-1 -> -0.00664 | F14: =B14&" = "&B13&" + "&ROUND(D14,2)&"" -> Q₆ = Q₅ + -8.55 | I14: =B14&" = "&B13&" + "&B13&"∙("&ROUND(E14*100,2)&"%) = "&B13&"∙(1 + "&ROUND(E14*100,2)&"%) = "&B$8&"∙(1 + "&ROUND(E14*100,2)&"%)⁶" -> Q₆ = Q₅ + Q₅∙(-0.66%) = Q₅∙(1 + -0.66%) = Q₀∙(1 + -0.66%)⁶
A15: 7 | B15: Q₇ | C15: =C14*ROUND(1+SIGN(Sheet2!B$14-Sheet2!B$15)*Sheet2!D$15%,5) -> 1270.3539 | D15: =C15-C14 -> -8.4915338 | E15: =C15/C14-1 -> -0.00664 | F15: =B15&" = "&B14&" + "&ROUND(D15,2)&"" -> Q₇ = Q₆ + -8.49 | I15: =B15&" = "&B14&" + "&B14&"∙("&ROUND(E15*100,2)&"%) = "&B14&"∙(1 + "&ROUND(E15*100,2)&"%) = "&B$8&"∙(1 + "&ROUND(E15*100,2)&"%)⁷" -> Q₇ = Q₆ + Q₆∙(-0.66%) = Q₆∙(1 + -0.66%) = Q₀∙(1 + -0.66%)⁷
A16: 8 | B16: Q₈ | C16: =C15*ROUND(1+SIGN(Sheet2!B$14-Sheet2!B$15)*Sheet2!D$15%,5) -> 1261.9188 | D16: =C16-C15 -> -8.43515 | E16: =C16/C15-1 -> -0.00664 | F16: =B16&" = "&B15&" + "&ROUND(D16,2)&"" -> Q₈ = Q₇ + -8.44 | I16: =B16&" = "&B15&" + "&B15&"∙("&ROUND(E16*100,2)&"%) = "&B15&"∙(1 + "&ROUND(E16*100,2)&"%) = "&B$8&"∙(1 + "&ROUND(E16*100,2)&"%)⁸" -> Q₈ = Q₇ + Q₇∙(-0.66%) = Q₇∙(1 + -0.66%) = Q₀∙(1 + -0.66%)⁸
A17: 9 | B17: Q₉ | C17: =C16*ROUND(1+SIGN(Sheet2!B$14-Sheet2!B$15)*Sheet2!D$15%,5) -> 1253.5396 | D17: =C17-C16 -> -8.3791406 | E17: =C17/C16-1 -> -0.00664 | F17: =B17&" = "&B16&" + "&ROUND(D17,2)&"" -> Q₉ = Q₈ + -8.38 | I17: =B17&" = "&B16&" + "&B16&"∙("&ROUND(E17*100,2)&"%) = "&B16&"∙(1 + "&ROUND(E17*100,2)&"%) = "&B$8&"∙(1 + "&ROUND(E17*100,2)&"%)⁹" -> Q₉ = Q₈ + Q₈∙(-0.66%) = Q₈∙(1 + -0.66%) = Q₀∙(1 + -0.66%)⁹
A18: 10 | B18: Q₁₀ | C18: =C17*ROUND(1+SIGN(Sheet2!B$14-Sheet2!B$15)*Sheet2!D$15%,5) -> 1245.2161 | D18: =C18-C17 -> -8.3235031 | E18: =C18/C17-1 -> -0.00664 | F18: =B18&" = "&B17&" + "&ROUND(D18,2)&"" -> Q₁₀ = Q₉ + -8.32 | I18: =B18&" = "&B17&" + "&B17&"∙("&ROUND(E18*100,2)&"%) = "&B17&"∙(1 + "&ROUND(E18*100,2)&"%) = "&B$8&"∙(1 + "&ROUND(E18*100,2)&"%)¹⁰" -> Q₁₀ = Q₉ + Q₉∙(-0.66%) = Q₉∙(1 + -0.66%) = Q₀∙(1 + -0.66%)¹⁰
A19: ⋮ | B19: ⋮ | C19: ⋮ | D19: ⋮ | E19: ⋮ | F19: ⋮ | I19: ⋮
A20: n | B20: Qₙ | D20: ??? | E20: =E18 -> -0.00664 | F20: =B20&" = "&B18&" + "&D20 -> Qₙ = Q₁₀ + ??? | I20: =B20&" = "&B$8&"∙(1 + "&ROUND(E20*100,2)&"%)ⁿ" -> Qₙ = Q₀∙(1 + -0.66%)ⁿ

Sheet Puzzle 1
F2: Enter your name in D1 on the first tab.
A4: You deposite a number of rallods in a bank. The statements for the first 12 periods, in this case quarters, is shown. Decide if there is a fixed change per period, or a fixed percentage change per period. Decide whether a linear or exponential model should be used then write down the model and use it to predict the future value of the account after 9 years. | K4: Legend
K5: If a cell is shaded | L5: You should
K6: Blue | L6: Enter a text response
K7: Green | L7: Enter a number
K8: Gold | L8: Enter an Excel formula
K9: Any other color | L9: Make no changes
A10: Period (quater) | B10: Value in rallods | C10: Change | D10: Percentage Change
A11: 0 | B11: =MOD(Sheet2!B28,1000)+1000 -> 1723 | F11: Is there fixed growth (change) per period, or fixed relative growth (percentage change) per period? | K11: change/relative change
A12: 1 | B12: =IF(Sheet2!C$28=0,B11*(1+SIGN(Sheet2!C$33-1/2)*Sheet2!D$28/10),B11+SIGN(Sheet2!C$33-1/2)*100*Sheet2!D$26) -> 1656.2123 | K12: What is the fixed value?
A13: 2 | B13: =IF(Sheet2!C$28=0,B12*(1+SIGN(Sheet2!C$33-1/2)*Sheet2!D$28/10),B12+SIGN(Sheet2!C$33-1/2)*100*Sheet2!D$26) -> 1589.4246
A14: 3 | B14: =IF(Sheet2!C$28=0,B13*(1+SIGN(Sheet2!C$33-1/2)*Sheet2!D$28/10),B13+SIGN(Sheet2!C$33-1/2)*100*Sheet2!D$26) -> 1522.6368 | F14: What model should be used to predict the population? Give P(t) = population at the end of t periods. | K14: linear or exponential:
A15: 4 | B15: =IF(Sheet2!C$28=0,B14*(1+SIGN(Sheet2!C$33-1/2)*Sheet2!D$28/10),B14+SIGN(Sheet2!C$33-1/2)*100*Sheet2!D$26) -> 1455.8491
A16: 5 | B16: =IF(Sheet2!C$28=0,B15*(1+SIGN(Sheet2!C$33-1/2)*Sheet2!D$28/10),B15+SIGN(Sheet2!C$33-1/2)*100*Sheet2!D$26) -> 1389.0614
A17: 6 | B17: =IF(Sheet2!C$28=0,B16*(1+SIGN(Sheet2!C$33-1/2)*Sheet2!D$28/10),B16+SIGN(Sheet2!C$33-1/2)*100*Sheet2!D$26) -> 1322.2737
A18: 7 | B18: =IF(Sheet2!C$28=0,B17*(1+SIGN(Sheet2!C$33-1/2)*Sheet2!D$28/10),B17+SIGN(Sheet2!C$33-1/2)*100*Sheet2!D$26) -> 1255.486 | F18: How many periods per year?
A19: 8 | B19: =IF(Sheet2!C$28=0,B18*(1+SIGN(Sheet2!C$33-1/2)*Sheet2!D$28/10),B18+SIGN(Sheet2!C$33-1/2)*100*Sheet2!D$26) -> 1188.6982 | F19: How many periods are in 9 years?
A20: 9 | B20: =IF(Sheet2!C$28=0,B19*(1+SIGN(Sheet2!C$33-1/2)*Sheet2!D$28/10),B19+SIGN(Sheet2!C$33-1/2)*100*Sheet2!D$26) -> 1121.9105 | F20: What will the value be at 9 years?
A21: 10 | B21: =IF(Sheet2!C$28=0,B20*(1+SIGN(Sheet2!C$33-1/2)*Sheet2!D$28/10),B20+SIGN(Sheet2!C$33-1/2)*100*Sheet2!D$26) -> 1055.1228
A22: 11 | B22: =IF(Sheet2!C$28=0,B21*(1+SIGN(Sheet2!C$33-1/2)*Sheet2!D$28/10),B21+SIGN(Sheet2!C$33-1/2)*100*Sheet2!D$26) -> 988.33508
A23: 12 | B23: =IF(Sheet2!C$28=0,B22*(1+SIGN(Sheet2!C$33-1/2)*Sheet2!D$28/10),B22+SIGN(Sheet2!C$33-1/2)*100*Sheet2!D$26) -> 921.54736
B35: fixed change | E35: linear
B36: relative/percentage change | E36: exponential

Sheet Puzzle 2
F2: Enter your name in D1 on the first tab.
A4: A population of rallods is observed for 12 consecutive periods, in this case semi-anually. Based on the data given decide if there is a fixed change per period, or a fixed percentage change per period. Decide whether a linear or exponential model should be used then write down the model and use it to predict the population after 12 years. | K4: Legend
K5: If a cell is shaded | L5: You should
K6: Blue | L6: Enter a text response
K7: Green | L7: Enter a number
K8: Gold | L8: Enter an Excel formula
K9: Any other color | L9: Make no changes
A10: Period (half year) | B10: Population | C10: Change | D10: Percentage Change
A11: 0 | B11: =MOD(Sheet2!B28,1000)+1000 -> 1723 | F11: Is there fixed growth (change) per period, or fixed relative growth (percentage change) per period? | K11: change/relative change
A12: 1 | B12: =IF(Sheet2!C$28=1,B11*(1+SIGN(Sheet2!C$33-1/2)*Sheet2!D$28%),B11+SIGN(Sheet2!C$33-1/2)*100*Sheet2!D$26) -> 1711.0518 | K12: What is the fixed value?
A13: 2 | B13: =IF(Sheet2!C$28=1,B12*(1+SIGN(Sheet2!C$33-1/2)*Sheet2!D$28%),B12+SIGN(Sheet2!C$33-1/2)*100*Sheet2!D$26) -> 1699.1865
A14: 3 | B14: =IF(Sheet2!C$28=1,B13*(1+SIGN(Sheet2!C$33-1/2)*Sheet2!D$28%),B13+SIGN(Sheet2!C$33-1/2)*100*Sheet2!D$26) -> 1687.4035 | F14: What model should be used to predict the population? Give P(t) = population at the end of t periods. | K14: linear or exponential:
A15: 4 | B15: =IF(Sheet2!C$28=1,B14*(1+SIGN(Sheet2!C$33-1/2)*Sheet2!D$28%),B14+SIGN(Sheet2!C$33-1/2)*100*Sheet2!D$26) -> 1675.7022
A16: 5 | B16: =IF(Sheet2!C$28=1,B15*(1+SIGN(Sheet2!C$33-1/2)*Sheet2!D$28%),B15+SIGN(Sheet2!C$33-1/2)*100*Sheet2!D$26) -> 1664.082
A17: 6 | B17: =IF(Sheet2!C$28=1,B16*(1+SIGN(Sheet2!C$33-1/2)*Sheet2!D$28%),B16+SIGN(Sheet2!C$33-1/2)*100*Sheet2!D$26) -> 1652.5424
A18: 7 | B18: =IF(Sheet2!C$28=1,B17*(1+SIGN(Sheet2!C$33-1/2)*Sheet2!D$28%),B17+SIGN(Sheet2!C$33-1/2)*100*Sheet2!D$26) -> 1641.0829 | F18: How many periods per year?
A19: 8 | B19: =IF(Sheet2!C$28=1,B18*(1+SIGN(Sheet2!C$33-1/2)*Sheet2!D$28%),B18+SIGN(Sheet2!C$33-1/2)*100*Sheet2!D$26) -> 1629.7028 | F19: How many periods are in 12 years?
A20: 9 | B20: =IF(Sheet2!C$28=1,B19*(1+SIGN(Sheet2!C$33-1/2)*Sheet2!D$28%),B19+SIGN(Sheet2!C$33-1/2)*100*Sheet2!D$26) -> 1618.4016 | F20: What will the populaton be at 12 years?
A21: 10 | B21: =IF(Sheet2!C$28=1,B20*(1+SIGN(Sheet2!C$33-1/2)*Sheet2!D$28%),B20+SIGN(Sheet2!C$33-1/2)*100*Sheet2!D$26) -> 1607.1787
A22: 11 | B22: =IF(Sheet2!C$28=1,B21*(1+SIGN(Sheet2!C$33-1/2)*Sheet2!D$28%),B21+SIGN(Sheet2!C$33-1/2)*100*Sheet2!D$26) -> 1596.0338
A23: 12 | B23: =IF(Sheet2!C$28=1,B22*(1+SIGN(Sheet2!C$33-1/2)*Sheet2!D$28%),B22+SIGN(Sheet2!C$33-1/2)*100*Sheet2!D$26) -> 1584.966
B38: fixed change | E38: linear
B39: relative/percentage change | E39: exponential

Sheet Sheet2
H1: 1 | I1: 2 | J1: 3 | K1: 4 | L1: 5 | M1: 6 | N1: 7 | O1: 8 | P1: 9 | Q1: 10 | R1: 11 | S1: 12 | T1: 13 | U1: 14 | V1: 15 | W1: 16
G2: 1 | H2: 2 | I2: 3 | J2: 5 | K2: 7 | L2: 11 | M2: 13 | N2: 17 | O2: 19 | P2: 23 | Q2: 29 | R2: 947 | S2: 953 | T2: 967 | U2: 971 | V2: 977 | W2: 983
G3: 2 | H3: 31 | I3: 37 | J3: 41 | K3: 43 | L3: 47 | M3: 53 | N3: 59 | O3: 61 | P3: 67 | Q3: 71 | R3: 991 | S3: 997 | T3: 1009 | U3: 1013 | V3: 1019 | W3: 1021
G4: 3 | H4: 73 | I4: 79 | J4: 83 | K4: 89 | L4: 97 | M4: 101 | N4: 103 | O4: 107 | P4: 109 | Q4: 113 | R4: 1031 | S4: 1033 | T4: 1039 | U4: 1049 | V4: 1051 | W4: 1061
G5: 4 | H5: 127 | I5: 131 | J5: 137 | K5: 139 | L5: 149 | M5: 151 | N5: 157 | O5: 163 | P5: 167 | Q5: 173 | R5: 1993 | S5: 1997 | T5: 1999 | U5: 2003 | V5: 2011 | W5: 2017
A6: 1 | B6: =CODE(MID('Constant Change'!D$1,Sheet2!A6,1)) -> 89 | C6: =MOD(B6,16) -> 9 | D6: =MOD((B6-C6)/16,16) -> 5 | E6: =INDIRECT("R"&(C6+1)&"C"&(D6+7),0) -> 439 | G6: 5 | H6: 179 | I6: 181 | J6: 191 | K6: 193 | L6: 197 | M6: 199 | N6: 211 | O6: 223 | P6: 227 | Q6: 229 | R6: 2063 | S6: 2069 | T6: 2081 | U6: 2083 | V6: 2087 | W6: 2089
A7: 2 | B7: =CODE(MID('Constant Change'!D$1,Sheet2!A7,1)) -> 111 | C7: =MOD(B7,16) -> 15 | D7: =MOD((B7-C7)/16,16) -> 6 | E7: =INDIRECT("R"&(C7+1)&"C"&(D7+7),0) -> 839 | G7: 6 | H7: 233 | I7: 239 | J7: 241 | K7: 251 | L7: 257 | M7: 263 | N7: 269 | O7: 271 | P7: 277 | Q7: 281 | R7: 2131 | S7: 2137 | T7: 2141 | U7: 2143 | V7: 2153 | W7: 2161
A8: 3 | B8: =CODE(MID('Constant Change'!D$1,Sheet2!A8,1)) -> 117 | C8: =MOD(B8,16) -> 5 | D8: =MOD((B8-C8)/16,16) -> 7 | E8: =INDIRECT("R"&(C8+1)&"C"&(D8+7),0) -> 211 | G8: 7 | H8: 283 | I8: 293 | J8: 307 | K8: 311 | L8: 313 | M8: 317 | N8: 331 | O8: 337 | P8: 347 | Q8: 349 | R8: 2221 | S8: 2237 | T8: 2239 | U8: 2243 | V8: 2251 | W8: 2267
A9: 4 | B9: =CODE(MID('Constant Change'!D$1,Sheet2!A9,1)) -> 114 | C9: =MOD(B9,16) -> 2 | D9: =MOD((B9-C9)/16,16) -> 7 | E9: =INDIRECT("R"&(C9+1)&"C"&(D9+7),0) -> 59 | G9: 8 | H9: 353 | I9: 359 | J9: 367 | K9: 373 | L9: 379 | M9: 383 | N9: 389 | O9: 397 | P9: 401 | Q9: 409 | R9: 2293 | S9: 2297 | T9: 2309 | U9: 2311 | V9: 2333 | W9: 2339
A10: 5 | B10: =CODE(MID('Constant Change'!D$1,Sheet2!A10,1)) -> 32 | C10: =MOD(B10,16) -> 0 | D10: =MOD((B10-C10)/16,16) -> 2 | E10: =INDIRECT("R"&(C10+1)&"C"&(D10+7),0) -> 2 | G10: 9 | H10: 419 | I10: 421 | J10: 431 | K10: 433 | L10: 439 | M10: 443 | N10: 449 | O10: 457 | P10: 461 | Q10: 463 | R10: 2371 | S10: 2377 | T10: 2381 | U10: 2383 | V10: 2389 | W10: 2393
A11: Seed | B11: =MOD(PRODUCT(E6:E10),F13) -> 3778 | F11: 1103515245 | G11: 10 | H11: 467 | I11: 479 | J11: 487 | K11: 491 | L11: 499 | M11: 503 | N11: 509 | O11: 521 | P11: 523 | Q11: 541 | R11: 2437 | S11: 2441 | T11: 2447 | U11: 2459 | V11: 2467 | W11: 2473
A12: Rand1 | B12: =MOD(B11*F11+F12,F13) -> 5331 | C12: =MOD(B12,2) -> 1 | D12: =B12/F$13 -> 0.16268921 | E12: =IF(D12<0.25,0,IF(D12<0.5,1,IF(D12<0.75,3,4))) -> 0 | F12: 12345 | G12: 11 | H12: 547 | I12: 557 | J12: 563 | K12: 569 | L12: 571 | M12: 577 | N12: 587 | O12: 593 | P12: 599 | Q12: 601 | R12: 2539 | S12: 2543 | T12: 2549 | U12: 2551 | V12: 2557 | W12: 2579
A13: Rand2 | B13: =MOD(B12*F$11+F$12,F$13) -> 22544 | C13: =IF(D13<0.5,0,1) -> 1 | D13: =B13/F$13 -> 0.68798828 | E13: =IF(D13<0.25,0,IF(D13<0.5,1,IF(D13<0.75,3,4))) -> 3 | F13: 32768 | G13: 12 | H13: 607 | I13: 613 | J13: 617 | K13: 619 | L13: 631 | M13: 641 | N13: 643 | O13: 647 | P13: 653 | Q13: 659 | R13: 2621 | S13: 2633 | T13: 2647 | U13: 2657 | V13: 2659 | W13: 2663
A14: Rand3 | B14: =MOD(B13*F$11+F$12,F$13) -> 3849 | C14: =IF(D14<0.5,0,1) -> 0 | D14: =B14/F$13 -> 0.11746216 | E14: =IF(D14<0.25,0,IF(D14<0.5,1,IF(D14<0.75,3,4))) -> 0 | G14: 13 | H14: 661 | I14: 673 | J14: 677 | K14: 683 | L14: 691 | M14: 701 | N14: 709 | O14: 719 | P14: 727 | Q14: 733 | R14: 2689 | S14: 2693 | T14: 2699 | U14: 2707 | V14: 2711 | W14: 2713
A15: Rand4 | B15: =MOD(B14*F$11+F$12,F$13) -> 21774 | C15: =IF(D15<0.5,0,1) -> 1 | D15: =B15/F$13 -> 0.66448975 | E15: =IF(D15<0.25,0,IF(D15<0.5,1,IF(D15<0.75,3,4))) -> 3 | G15: 14 | H15: 739 | I15: 743 | J15: 751 | K15: 757 | L15: 761 | M15: 769 | N15: 773 | O15: 787 | P15: 797 | Q15: 809 | R15: 2749 | S15: 2753 | T15: 2767 | U15: 2777 | V15: 2789 | W15: 2791
A16: Rand5 | B16: =MOD(B15*F$11+F$12,F$13) -> 11055 | C16: =IF(D16<0.5,0,1) -> 0 | D16: =B16/F$13 -> 0.33737183 | E16: =IF(D16<0.25,0,IF(D16<0.5,1,IF(D16<0.75,3,4))) -> 1 | G16: 15 | H16: 811 | I16: 821 | J16: 823 | K16: 827 | L16: 829 | M16: 839 | N16: 853 | O16: 857 | P16: 859 | Q16: 863 | R16: 2833 | S16: 2837 | T16: 2843 | U16: 2851 | V16: 2857 | W16: 2861
A17: Rand6 | B17: =MOD(B16*F$11+F$12,F$13) -> 25916 | C17: =IF(D17<0.5,0,1) -> 1 | D17: =B17/F$13 -> 0.79089355 | E17: =IF(D17<0.25,0,IF(D17<0.5,1,IF(D17<0.75,3,4))) -> 4 | G17: 16 | H17: 877 | I17: 881 | J17: 883 | K17: 887 | L17: 907 | M17: 911 | N17: 919 | O17: 929 | P17: 937 | Q17: 941 | R17: 2909 | S17: 2917 | T17: 2927 | U17: 2939 | V17: 2953 | W17: 2957
A18: Rand7 | B18: =MOD(B17*F$11+F$12,F$13) -> 4805 | C18: =IF(D18<0.5,0,1) -> 0 | D18: =B18/F$13 -> 0.14663696 | E18: =IF(D18<0.25,0,IF(D18<0.5,1,IF(D18<0.75,3,4))) -> 0
A19: Rand8 | B19: =MOD(B18*F$11+F$12,F$13) -> 13338 | C19: =IF(D19<0.5,0,1) -> 0 | D19: =B19/F$13 -> 0.40704346 | E19: =IF(D19<0.25,0,IF(D19<0.5,1,IF(D19<0.75,3,4))) -> 1
A20: Rand9 | B20: =MOD(B19*F$11+F$12,F$13) -> 19275 | C20: =IF(D20<0.5,0,1) -> 1 | D20: =B20/F$13 -> 0.58822632 | E20: =IF(D20<0.25,0,IF(D20<0.5,1,IF(D20<0.75,3,4))) -> 3
A21: Rand10 | B21: =MOD(B20*F$11+F$12,F$13) -> 6440 | C21: =IF(D21<0.5,0,1) -> 0 | D21: =B21/F$13 -> 0.1965332 | E21: =IF(D21<0.25,0,IF(D21<0.5,1,IF(D21<0.75,3,4))) -> 0
A22: Rand11 | B22: =MOD(B21*F$11+F$12,F$13) -> 5697 | C22: =IF(D22<0.5,0,1) -> 0 | D22: =B22/F$13 -> 0.17385864 | E22: =IF(D22<0.25,0,IF(D22<0.5,1,IF(D22<0.75,3,4))) -> 0
A23: Rand12 | B23: =MOD(B22*F$11+F$12,F$13) -> 30694 | C23: =IF(D23<0.5,0,1) -> 1 | D23: =B23/F$13 -> 0.93670654 | E23: =IF(D23<0.25,0,IF(D23<0.5,1,IF(D23<0.75,3,4))) -> 4
A24: Rand13 | B24: =MOD(B23*F$11+F$12,F$13) -> 20775 | C24: =IF(D24<0.5,0,1) -> 1 | D24: =B24/F$13 -> 0.63400269 | E24: =IF(D24<0.25,0,IF(D24<0.5,1,IF(D24<0.75,3,4))) -> 3
A25: Rand14 | B25: =MOD(B24*F$11+F$12,F$13) -> 8148 | C25: =IF(D25<0.5,0,1) -> 0 | D25: =B25/F$13 -> 0.24865723 | E25: =IF(D25<0.25,0,IF(D25<0.5,1,IF(D25<0.75,3,4))) -> 0
A26: Rand15 | B26: =MOD(B25*F$11+F$12,F$13) -> 21885 | C26: =IF(D26<0.5,0,1) -> 1 | D26: =B26/F$13 -> 0.6678772 | E26: =IF(D26<0.25,0,IF(D26<0.5,1,IF(D26<0.75,3,4))) -> 3
A27: Rand16 | B27: =MOD(B26*F$11+F$12,F$13) -> 11378 | C27: =IF(D27<0.5,0,1) -> 0 | D27: =B27/F$13 -> 0.347229 | E27: =IF(D27<0.25,0,IF(D27<0.5,1,IF(D27<0.75,3,4))) -> 1
A28: Rand17 | B28: =MOD(B27*F$11+F$12,F$13) -> 22723 | C28: =IF(D28<0.5,0,1) -> 1 | D28: =B28/F$13 -> 0.69345093 | E28: =IF(D28<0.25,0,IF(D28<0.5,1,IF(D28<0.75,3,4))) -> 3
A29: Rand18 | B29: =MOD(B28*F$11+F$12,F$13) -> 25920 | C29: =IF(D29<0.5,0,1) -> 1 | D29: =B29/F$13 -> 0.79101562 | E29: =IF(D29<0.25,0,IF(D29<0.5,1,IF(D29<0.75,3,4))) -> 4
... A33: Rand22 | B33: =MOD(B32*F$11+F$12,F$13) -> 5484 | C33: =IF(D33<0.5,0,1) -> 0 | D33: =B33/F$13 -> 0.1673584 | E33: =IF(D33<0.25,0,IF(D33<0.5,1,IF(D33<0.75,3,4))) -> 0

Sheet Sheet1
C6: Ignore the Halo preview you must download and open the file in Excel to correctly see the contents.
