Workbook

Sheet Goals and Instructions
B2: Excel Skills Learned | D2: Instructions: Open the tab labeled "Games" and complete the tasks indicated there. Start by entering your name where indicated. Pay attention to the legend and note that the sheet is self-checking.
B3: Upon completing the sheet, you should have an understanding of:
B4: 1. Use the counting formulas =COMBIN(n,m) and =PERMUT(n, m)
B6: Math Skills Learned
B7: 1. When to use permutations, P(n,m) or =PERMUT(n,m) and/or combinations, C(n,m) or =COMBIN(n,m).
B8: 2. How to compute probabilities for events using counting. | D8: Video on counting
B9: 3. How to convert probabilities into odds.

Sheet Users
A1: Names | B1: Reset | C1: 1 | D1: =Games!C2 -> Your Name Here | F1: =IF(M1="ACTIVE", "✓ Tracking Active", "⚠️ ERROR: Enable Iterative Calculations (File > Options > Formulas)") -> ✓ Tracking Active | M1: =IF(M1="ACTIVE", "ACTIVE", "ACTIVE") -> ACTIVE
A2: =IF(D$1<>A3,A3,A2)
A3: =IF(D$1<>A4,A4,A3)
A4: =IF(D$1<>A5,A5,A4)
A5: =IF(D$1<>A6,A6,A5)
A6: =IF(D$1<>A7,A7,A6)
A7: =IF(D$1<>A8,A8,A7)
A8: =IF(D$1<>A9,A9,A8)
A9: =IF(D$1<>A10,A10,A9)
A10: =IF(D$1<>A11,A11,A10)
A11: =IF(D$1<>A12,A12,A11)
A12: =IF(D$1<>A13,A13,A12)
A13: =IF(D$1<>A14,A14,A13)
... A20: =IF(D$1<>A21,A21,A20)
A21: =IF(C1="","",IF(D$1<>A21,D$1,A21)) -> Your Name Here

Sheet Games
B2: Enter Name ⇒ | C2: Your Name Here
B4: Legend
A5: This is a self grading sheet for columns B, D, F, and G. If your answer is correct it will show green, else you will see red. | B5: If a cell is shaded | C5: You should
B6: Salmon | C6: Make a selection
B7: Blue | C7: Enter a text response
B8: Green | C8: Enter a number
B9: Gold | C9: Enter an Excel formula
B10: Any other color | C10: Make no changes
A12: Game | B12: Is this a permutation (the order of picks matters) or a combination (the order does not matter)? | C12: Describe how to calculate the # of outcomes | D12: Total # of outcomes for the game (use PERMUT() or COMBIN()) | E12: Describe how you can win this game | F12: Total # of ways that you can win (enter a number or formula as indicated) | G12: Probability of Winning | H12: Odds against winning = (1 - P)/P | I12: Interpretation of odds.
A13: =Sheet3!A1 -> 35 horses ran in the Kentucky Derby. The Exacta bet involves picking the first two finishers in order. Determine the number of outcomes for two horses finishing in the first two spots and the probability of winning the Exacta bet if you pick the horses at random. | B13: Permutation | C13: Pick any 2 out of 35 horses, where the order of selection matters. | D13: 1190 | E13: You must pick the right first horse and then the right second horse | F13: 1 | G13: =F13/D13 -> 0.00084033613 | H13: =(1-G13)/G13 -> 1189 | I13: ="Your odds of winning are 1 to "&H13&"!" -> Your odds of winning are 1 to 1189!
A14: {=IF(C$2="Your Name Here", "Enter your name in C2",INDIRECT("Sheet3!A"&Random!I19))} -> Enter your name in C2 | I14: ="Your odds of winning are 1 to "&IF(NOT(ISBLANK(H14)),ROUND(H14,0),"???")&"!" -> Your odds of winning are 1 to ???!
A15: {=IF(C$2="Your Name Here", "Enter your name in C2",INDIRECT("Sheet3!A"&Random!I20))} -> Enter your name in C2 | I15: ="Your odds of winning are 1 to "&IF(NOT(ISBLANK(H15)),ROUND(H15,0),"???")&"!" -> Your odds of winning are 1 to ???!
A16: {=IF(C$2="Your Name Here", "Enter your name in C2",INDIRECT("Sheet3!A"&Random!I21))} -> Enter your name in C2 | I16: ="Your odds of winning are 1 to "&IF(NOT(ISBLANK(H16)),ROUND(H16,0),"???")&"!" -> Your odds of winning are 1 to ???!
A17: {=IF(C$2="Your Name Here", "Enter your name in C2",INDIRECT("Sheet3!A"&Random!I22))} -> Enter your name in C2 | I17: ="Your odds of winning are 1 to "&IF(NOT(ISBLANK(H17)),ROUND(H17,0),"???")&"!" -> Your odds of winning are 1 to ???!
A18: {=IF(C$2="Your Name Here", "Enter your name in C2",INDIRECT("Sheet3!A"&Random!I23))} -> Enter your name in C2 | I18: ="Your odds of winning are 1 to "&IF(NOT(ISBLANK(H18)),ROUND(H18,0),"???")&"!" -> Your odds of winning are 1 to ???!
B46: Permutation
B47: Combination

Sheet soln1
B2: Enter Name ⇒ | C2: Richard
B4: Legend
A5: This is a self grading sheet for columns B, D, F, and G. If your answer is correct it will show green, else you will see red. | B5: If a cell is shaded | C5: You should
B6: Salmon | C6: Make a selection
B7: Blue | C7: Enter a text response
B8: Green | C8: Enter a number
B9: Gold | C9: Enter an Excel formula
B10: Any other color | C10: Make no changes
A12: Game | B12: Is this a permutation (the order of picks matters) or a combination (the order does not matter)? | C12: Describe how to calculate the # of outcomes | D12: Total # of outcomes for the game (use PERMUT() or COMBIN()) | E12: Describe how you can win this game | F12: Total # of ways that you can win (enter a number or formula as indicated) | G12: Probability of Winning | H12: Odds against winning = (1 - P)/P | I12: Interpretation of odds.
A13: =Sheet3!A1 -> 35 horses ran in the Kentucky Derby. The Exacta bet involves picking the first two finishers in order. Determine the number of outcomes for two horses finishing in the first two spots and the probability of winning the Exacta bet if you pick the horses at random. | B13: Permutation | C13: ="Pick any 2 out of "&Random!H19&" horses, where the order of selection matters." -> Pick any 2 out of 35 horses, where the order of selection matters. | D13: =PERMUT(Random!H19,2) -> 1190 | E13: You must pick the right first horse and then the right second horse | F13: 1 | G13: =F13/D13 -> 0.00084033613 | H13: =(1-G13)/G13 -> 1189 | I13: ="Your odds of winning are "&H13&" to 1!" -> Your odds of winning are 1189 to 1!
A14: {=INDIRECT("Sheet3!A"&Random!I19)} -> 35 horses ran in the Kentucky Derby. The Trifecta bet involves picking the first three finishers in order. Determine the number of outcomes for three horses finishing in the first three spots and the probability of winning the Trifecta bet if you pick the horses at random. | B14: {=INDIRECT("Sheet3!B"&Random!I19)} -> permutation | D14: {=INDIRECT("Sheet3!C"&Random!I19)} -> 39270 | F14: {=INDIRECT("Sheet3!D"&Random!I19)} -> 1 | G14: {=INDIRECT("Sheet3!E"&Random!I19)} -> 2.5464731e-05 | H14: {=INDIRECT("Sheet3!F"&Random!I19)} -> 39269 | I14: ="Your odds of winning are "&IF(NOT(ISBLANK(H14)),ROUND(H14,0),"???")&" to 1!" -> Your odds of winning are 39269 to 1!
A15: {=INDIRECT("Sheet3!A"&Random!I20)} -> 35 horses ran in the Kentucky Derby. The Superfecta bet involves picking the first four finishers in order. Determine the number of outcomes for four horses finishing in the first four spots and the probability of winning the Superfecta bet if you pick the horses at random. | B15: {=INDIRECT("Sheet3!B"&Random!I20)} -> permutation | D15: {=INDIRECT("Sheet3!C"&Random!I20)} -> 1256640 | F15: {=INDIRECT("Sheet3!D"&Random!I20)} -> 1 | G15: {=INDIRECT("Sheet3!E"&Random!I20)} -> 7.9577285e-07 | H15: {=INDIRECT("Sheet3!F"&Random!I20)} -> 1256639 | I15: ="Your odds of winning are "&IF(NOT(ISBLANK(H15)),ROUND(H15,0),"???")&" to 1!" -> Your odds of winning are 1256639 to 1!
A16: {=INDIRECT("Sheet3!A"&Random!I21)} -> In a lottery game, 40 numbered ping-pong balls are put in a bin, and 4 are randomly chosen. To win the jackpot, you need to match all 4 numbers in the order in which they were drawn. Determine the number of outcomes for picking 4 different numbers in order from the 40 ping-pong balls and the probability of you picking the correct numbers in order. | B16: {=INDIRECT("Sheet3!B"&Random!I21)} -> permutation | D16: {=INDIRECT("Sheet3!C"&Random!I21)} -> 2193360 | F16: {=INDIRECT("Sheet3!D"&Random!I21)} -> 1 | G16: {=INDIRECT("Sheet3!E"&Random!I21)} -> 4.5592151e-07 | H16: {=INDIRECT("Sheet3!F"&Random!I21)} -> 2193359 | I16: ="Your odds of winning are "&IF(NOT(ISBLANK(H16)),ROUND(H16,0),"???")&" to 1!" -> Your odds of winning are 2193359 to 1!
A17: {=INDIRECT("Sheet3!A"&Random!I22)} -> In a lottery game, 50 numbered ping-pong balls are put in a bin, and 5 are randomly chosen. To win the jackpot, you need to match all 5 numbers. Determine the number of outcomes for picking 5 different numbers from the 50 ping-pong balls and the probability of you picking the correct numbers. | B17: {=INDIRECT("Sheet3!B"&Random!I22)} -> combination | D17: {=INDIRECT("Sheet3!C"&Random!I22)} -> 2118760 | F17: {=INDIRECT("Sheet3!D"&Random!I22)} -> 1 | G17: {=INDIRECT("Sheet3!E"&Random!I22)} -> 4.7197417e-07 | H17: {=INDIRECT("Sheet3!F"&Random!I22)} -> 2118759 | I17: ="Your odds of winning are "&IF(NOT(ISBLANK(H17)),ROUND(H17,0),"???")&" to 1!" -> Your odds of winning are 2118759 to 1!
A18: {=INDIRECT("Sheet3!A"&Random!I23)} -> In a lottery game, 50 numbered ping-pong balls are put in a bin, and 5 are randomly chosen. You’ll get twice your money back if you match exactly three of the five numbers. Still using the same number of outcomes as the game above (choosing 5 different ping-pong balls from the 50), determine the probability of matching three out of five numbers. | B18: {=INDIRECT("Sheet3!B"&Random!I23)} -> combination | D18: {=INDIRECT("Sheet3!C"&Random!I23)} -> 2118760 | F18: {=INDIRECT("Sheet3!D"&Random!I23)} -> 9900 | G18: {=INDIRECT("Sheet3!E"&Random!I23)} -> 0.0046725443 | H18: {=INDIRECT("Sheet3!F"&Random!I23)} -> 213.01616 | I18: ="Your odds of winning are "&IF(NOT(ISBLANK(H18)),ROUND(H18,0),"???")&" to 1!" -> Your odds of winning are 213 to 1!
B46: Permutation
B47: Combination

Sheet Random
H1: 1 | I1: 2 | J1: 3 | K1: 4 | L1: 5 | M1: 6 | N1: 7 | O1: 8 | P1: 9 | Q1: 10 | R1: 11 | S1: 12 | T1: 13 | U1: 14 | V1: 15 | W1: 16
G2: 1 | H2: 2 | I2: 3 | J2: 5 | K2: 7 | L2: 11 | M2: 13 | N2: 17 | O2: 19 | P2: 23 | Q2: 29 | R2: 947 | S2: 953 | T2: 967 | U2: 971 | V2: 977 | W2: 983
G3: 2 | H3: 31 | I3: 37 | J3: 41 | K3: 43 | L3: 47 | M3: 53 | N3: 59 | O3: 61 | P3: 67 | Q3: 71 | R3: 991 | S3: 997 | T3: 1009 | U3: 1013 | V3: 1019 | W3: 1021
G4: 3 | H4: 73 | I4: 79 | J4: 83 | K4: 89 | L4: 97 | M4: 101 | N4: 103 | O4: 107 | P4: 109 | Q4: 113 | R4: 1031 | S4: 1033 | T4: 1039 | U4: 1049 | V4: 1051 | W4: 1061
G5: 4 | H5: 127 | I5: 131 | J5: 137 | K5: 139 | L5: 149 | M5: 151 | N5: 157 | O5: 163 | P5: 167 | Q5: 173 | R5: 1993 | S5: 1997 | T5: 1999 | U5: 2003 | V5: 2011 | W5: 2017
A6: 1 | B6: =CODE(MID(Games!C$2,A6,1)) -> 89 | C6: =MOD(B6,16) -> 9 | D6: =MOD((B6-C6)/16,16) -> 5 | E6: =INDIRECT("R"&(C6+1)&"C"&(D6+7),0) -> 439 | G6: 5 | H6: 179 | I6: 181 | J6: 191 | K6: 193 | L6: 197 | M6: 199 | N6: 211 | O6: 223 | P6: 227 | Q6: 229 | R6: 2063 | S6: 2069 | T6: 2081 | U6: 2083 | V6: 2087 | W6: 2089
A7: 2 | B7: =CODE(MID(Games!C$2,A7,1)) -> 111 | C7: =MOD(B7,16) -> 15 | D7: =MOD((B7-C7)/16,16) -> 6 | E7: =INDIRECT("R"&(C7+1)&"C"&(D7+7),0) -> 839 | G7: 6 | H7: 233 | I7: 239 | J7: 241 | K7: 251 | L7: 257 | M7: 263 | N7: 269 | O7: 271 | P7: 277 | Q7: 281 | R7: 2131 | S7: 2137 | T7: 2141 | U7: 2143 | V7: 2153 | W7: 2161
A8: 3 | B8: =CODE(MID(Games!C$2,A8,1)) -> 117 | C8: =MOD(B8,16) -> 5 | D8: =MOD((B8-C8)/16,16) -> 7 | E8: =INDIRECT("R"&(C8+1)&"C"&(D8+7),0) -> 211 | G8: 7 | H8: 283 | I8: 293 | J8: 307 | K8: 311 | L8: 313 | M8: 317 | N8: 331 | O8: 337 | P8: 347 | Q8: 349 | R8: 2221 | S8: 2237 | T8: 2239 | U8: 2243 | V8: 2251 | W8: 2267
A9: 4 | B9: =CODE(MID(Games!C$2,A9,1)) -> 114 | C9: =MOD(B9,16) -> 2 | D9: =MOD((B9-C9)/16,16) -> 7 | E9: =INDIRECT("R"&(C9+1)&"C"&(D9+7),0) -> 59 | G9: 8 | H9: 353 | I9: 359 | J9: 367 | K9: 373 | L9: 379 | M9: 383 | N9: 389 | O9: 397 | P9: 401 | Q9: 409 | R9: 2293 | S9: 2297 | T9: 2309 | U9: 2311 | V9: 2333 | W9: 2339
A10: 5 | B10: =CODE(MID(Games!C$2,A10,1)) -> 32 | C10: =MOD(B10,16) -> 0 | D10: =MOD((B10-C10)/16,16) -> 2 | E10: =INDIRECT("R"&(C10+1)&"C"&(D10+7),0) -> 2 | G10: 9 | H10: 419 | I10: 421 | J10: 431 | K10: 433 | L10: 439 | M10: 443 | N10: 449 | O10: 457 | P10: 461 | Q10: 463 | R10: 2371 | S10: 2377 | T10: 2381 | U10: 2383 | V10: 2389 | W10: 2393
A11: Seed | B11: =MOD(PRODUCT(E6:E10),F13) -> 3778 | F11: 1103515245 | G11: 10 | H11: 467 | I11: 479 | J11: 487 | K11: 491 | L11: 499 | M11: 503 | N11: 509 | O11: 521 | P11: 523 | Q11: 541 | R11: 2437 | S11: 2441 | T11: 2447 | U11: 2459 | V11: 2467 | W11: 2473
A12: Rand1 | B12: =MOD(B11*F11+F12,F13) -> 5331 | C12: =MOD(B12,2) -> 1 | D12: =B12/F$13 -> 0.16268921 | E12: =IF(D12<0.25,0,IF(D12<0.5,1,IF(D12<0.75,3,4))) -> 0 | F12: 12345 | G12: 11 | H12: 547 | I12: 557 | J12: 563 | K12: 569 | L12: 571 | M12: 577 | N12: 587 | O12: 593 | P12: 599 | Q12: 601 | R12: 2539 | S12: 2543 | T12: 2549 | U12: 2551 | V12: 2557 | W12: 2579
A13: Rand2 | B13: =MOD(B12*F$11+F$12,F$13) -> 22544 | C13: =IF(D13<0.5,0,1) -> 1 | D13: =B13/F$13 -> 0.68798828 | E13: =IF(D13<0.25,0,IF(D13<0.5,1,IF(D13<0.75,3,4))) -> 3 | F13: 32768 | G13: 12 | H13: 607 | I13: 613 | J13: 617 | K13: 619 | L13: 631 | M13: 641 | N13: 643 | O13: 647 | P13: 653 | Q13: 659 | R13: 2621 | S13: 2633 | T13: 2647 | U13: 2657 | V13: 2659 | W13: 2663
A14: Rand3 | B14: =MOD(B13*F$11+F$12,F$13) -> 3849 | C14: =IF(D14<0.5,0,1) -> 0 | D14: =B14/F$13 -> 0.11746216 | E14: =IF(D14<0.25,0,IF(D14<0.5,1,IF(D14<0.75,3,4))) -> 0 | G14: 13 | H14: 661 | I14: 673 | J14: 677 | K14: 683 | L14: 691 | M14: 701 | N14: 709 | O14: 719 | P14: 727 | Q14: 733 | R14: 2689 | S14: 2693 | T14: 2699 | U14: 2707 | V14: 2711 | W14: 2713
A15: Rand4 | B15: =MOD(B14*F$11+F$12,F$13) -> 21774 | C15: =IF(D15<0.5,0,1) -> 1 | D15: =B15/F$13 -> 0.66448975 | E15: =IF(D15<0.25,0,IF(D15<0.5,1,IF(D15<0.75,3,4))) -> 3 | G15: 14 | H15: 739 | I15: 743 | J15: 751 | K15: 757 | L15: 761 | M15: 769 | N15: 773 | O15: 787 | P15: 797 | Q15: 809 | R15: 2749 | S15: 2753 | T15: 2767 | U15: 2777 | V15: 2789 | W15: 2791
A16: Rand5 | B16: =MOD(B15*F$11+F$12,F$13) -> 11055 | C16: =IF(D16<0.5,0,1) -> 0 | D16: =B16/F$13 -> 0.33737183 | E16: =IF(D16<0.25,0,IF(D16<0.5,1,IF(D16<0.75,3,4))) -> 1 | G16: 15 | H16: 811 | I16: 821 | J16: 823 | K16: 827 | L16: 829 | M16: 839 | N16: 853 | O16: 857 | P16: 859 | Q16: 863 | R16: 2833 | S16: 2837 | T16: 2843 | U16: 2851 | V16: 2857 | W16: 2861
A17: Rand6 | B17: =MOD(B16*F$11+F$12,F$13) -> 25916 | C17: =IF(D17<0.5,0,1) -> 1 | D17: =B17/F$13 -> 0.79089355 | E17: =IF(D17<0.25,0,IF(D17<0.5,1,IF(D17<0.75,3,4))) -> 4 | G17: 16 | H17: 877 | I17: 881 | J17: 883 | K17: 887 | L17: 907 | M17: 911 | N17: 919 | O17: 929 | P17: 937 | Q17: 941 | R17: 2909 | S17: 2917 | T17: 2927 | U17: 2939 | V17: 2953 | W17: 2957
A18: Rand7 | B18: =MOD(B17*F$11+F$12,F$13) -> 4805 | C18: =IF(D18<0.5,0,1) -> 0 | D18: =B18/F$13 -> 0.14663696 | E18: =IF(D18<0.25,0,IF(D18<0.5,1,IF(D18<0.75,3,4))) -> 0
A19: Rand8 | B19: =MOD(B18*F$11+F$12,F$13) -> 13338 | C19: =IF(D19<0.5,0,1) -> 0 | D19: =B19/F$13 -> 0.40704346 | E19: =IF(D19<0.25,0,IF(D19<0.5,1,IF(D19<0.75,3,4))) -> 1 | H19: =10+SUM(C12:C21)*5 -> 35 | I19: =2+MOD(E$17+A6,5) -> 2 | J19: =IF(I19>=5,TRUE,FALSE) -> FALSE
A20: Rand9 | B20: =MOD(B19*F$11+F$12,F$13) -> 19275 | C20: =IF(D20<0.5,0,1) -> 1 | D20: =B20/F$13 -> 0.58822632 | E20: =IF(D20<0.25,0,IF(D20<0.5,1,IF(D20<0.75,3,4))) -> 3 | H20: =20+SUM(C23:C32)*5 -> 50 | I20: =2+MOD(E$17+A7,5) -> 3 | J20: =IF(I20>=5,TRUE,FALSE) -> FALSE
A21: Rand10 | B21: =MOD(B20*F$11+F$12,F$13) -> 6440 | C21: =IF(D21<0.5,0,1) -> 0 | D21: =B21/F$13 -> 0.1965332 | E21: =IF(D21<0.25,0,IF(D21<0.5,1,IF(D21<0.75,3,4))) -> 0 | H21: =30+SUM(C33:C42)*5 -> 40 | I21: =2+MOD(E$17+A8,5) -> 4 | J21: =IF(I21>=5,TRUE,FALSE) -> FALSE
A22: Rand11 | B22: =MOD(B21*F$11+F$12,F$13) -> 5697 | C22: =IF(D22<0.5,0,1) -> 0 | D22: =B22/F$13 -> 0.17385864 | E22: =IF(D22<0.25,0,IF(D22<0.5,1,IF(D22<0.75,3,4))) -> 0 | I22: =2+MOD(E$17+A9,5) -> 5 | J22: =IF(I22>=5,TRUE,FALSE) -> TRUE
A23: Rand12 | B23: =MOD(B22*F$11+F$12,F$13) -> 30694 | C23: =IF(D23<0.5,0,1) -> 1 | D23: =B23/F$13 -> 0.93670654 | E23: =IF(D23<0.25,0,IF(D23<0.5,1,IF(D23<0.75,3,4))) -> 4 | I23: =2+MOD(E$17+A10,5) -> 6 | J23: =IF(I23>=5,TRUE,FALSE) -> TRUE
A24: Rand13 | B24: =MOD(B23*F$11+F$12,F$13) -> 20775 | C24: =IF(D24<0.5,0,1) -> 1 | D24: =B24/F$13 -> 0.63400269 | E24: =IF(D24<0.25,0,IF(D24<0.5,1,IF(D24<0.75,3,4))) -> 3
A25: Rand14 | B25: =MOD(B24*F$11+F$12,F$13) -> 8148 | C25: =IF(D25<0.5,0,1) -> 0 | D25: =B25/F$13 -> 0.24865723 | E25: =IF(D25<0.25,0,IF(D25<0.5,1,IF(D25<0.75,3,4))) -> 0
A26: Rand15 | B26: =MOD(B25*F$11+F$12,F$13) -> 21885 | C26: =IF(D26<0.5,0,1) -> 1 | D26: =B26/F$13 -> 0.6678772 | E26: =IF(D26<0.25,0,IF(D26<0.5,1,IF(D26<0.75,3,4))) -> 3
A27: Rand16 | B27: =MOD(B26*F$11+F$12,F$13) -> 11378 | C27: =IF(D27<0.5,0,1) -> 0 | D27: =B27/F$13 -> 0.347229 | E27: =IF(D27<0.25,0,IF(D27<0.5,1,IF(D27<0.75,3,4))) -> 1
A28: Rand17 | B28: =MOD(B27*F$11+F$12,F$13) -> 22723 | C28: =IF(D28<0.5,0,1) -> 1 | D28: =B28/F$13 -> 0.69345093 | E28: =IF(D28<0.25,0,IF(D28<0.5,1,IF(D28<0.75,3,4))) -> 3
A29: Rand18 | B29: =MOD(B28*F$11+F$12,F$13) -> 25920 | C29: =IF(D29<0.5,0,1) -> 1 | D29: =B29/F$13 -> 0.79101562 | E29: =IF(D29<0.25,0,IF(D29<0.5,1,IF(D29<0.75,3,4))) -> 4
A30: Rand19 | B30: =MOD(B29*F$11+F$12,F$13) -> 19577 | C30: =IF(D30<0.5,0,1) -> 1 | D30: =B30/F$13 -> 0.59744263 | E30: =IF(D30<0.25,0,IF(D30<0.5,1,IF(D30<0.75,3,4))) -> 3
A31: Rand20 | B31: =MOD(B30*F$11+F$12,F$13) -> 7614 | C31: =IF(D31<0.5,0,1) -> 0 | D31: =B31/F$13 -> 0.23236084 | E31: =IF(D31<0.25,0,IF(D31<0.5,1,IF(D31<0.75,3,4))) -> 0
A32: Rand21 | B32: =MOD(B31*F$11+F$12,F$13) -> 15903 | C32: =IF(D32<0.5,0,1) -> 0 | D32: =B32/F$13 -> 0.48532104 | E32: =IF(D32<0.25,0,IF(D32<0.5,1,IF(D32<0.75,3,4))) -> 1
A33: Rand22 | B33: =MOD(B32*F$11+F$12,F$13) -> 5484 | C33: =IF(D33<0.5,0,1) -> 0 | D33: =B33/F$13 -> 0.1673584 | E33: =IF(D33<0.25,0,IF(D33<0.5,1,IF(D33<0.75,3,4))) -> 0
A34: Rand23 | B34: =MOD(B33*F$11+F$12,F$13) -> 14133 | C34: =IF(D34<0.5,0,1) -> 0 | D34: =B34/F$13 -> 0.43130493 | E34: =IF(D34<0.25,0,IF(D34<0.5,1,IF(D34<0.75,3,4))) -> 1
A35: Rand24 | B35: =MOD(B34*F$11+F$12,F$13) -> 22474 | C35: =IF(D35<0.5,0,1) -> 1 | D35: =B35/F$13 -> 0.68585205 | E35: =IF(D35<0.25,0,IF(D35<0.5,1,IF(D35<0.75,3,4))) -> 3
... A55: Rand44 | B55: =MOD(B54*F$11+F$12,F$13) -> 24902 | C55: =IF(D55<0.5,0,1) -> 1 | D55: =B55/F$13 -> 0.75994873 | E55: =IF(D55<0.25,0,IF(D55<0.5,1,IF(D55<0.75,3,4))) -> 4

Sheet Sheet3
A1: =Random!H19&" horses ran in the Kentucky Derby. The Exacta bet involves picking the first two finishers in order. "&"Determine the number of outcomes for two horses finishing in the first two spots and the probability of winning the Exacta bet if you pick the horses at random." -> 35 horses ran in the Kentucky Derby. The Exacta bet involves picking the first two finishers in order. Determine the number of outcomes for two horses finishing in the first two spots and the probability of winning the Exacta bet if you pick the horses at random. | B1: permutation | C1: =PERMUT(Random!H19,2) -> 1190 | D1: 1 | E1: =D1/C1 -> 0.00084033613 | F1: =(1-E1)/E1 -> 1189
A2: =Random!H19&" horses ran in the Kentucky Derby. The Trifecta bet involves picking the first three finishers in order. "&"Determine the number of outcomes for three horses finishing in the first three spots and the probability of winning the Trifecta bet if you pick the horses at random." -> 35 horses ran in the Kentucky Derby. The Trifecta bet involves picking the first three finishers in order. Determine the number of outcomes for three horses finishing in the first three spots and the probability of winning the Trifecta bet if you pick the horses at random. | B2: permutation | C2: =PERMUT(Random!H19,3) -> 39270 | D2: 1 | E2: =D2/C2 -> 2.5464731e-05 | F2: =(1-E2)/E2 -> 39269
A3: =Random!H19&" horses ran in the Kentucky Derby. The Superfecta bet involves picking the first four finishers in order. "&"Determine the number of outcomes for four horses finishing in the first four spots and the probability of winning the Superfecta bet if you pick the horses at random." -> 35 horses ran in the Kentucky Derby. The Superfecta bet involves picking the first four finishers in order. Determine the number of outcomes for four horses finishing in the first four spots and the probability of winning the Superfecta bet if you pick the horses at random. | B3: permutation | C3: =PERMUT(Random!H19,4) -> 1256640 | D3: 1 | E3: =D3/C3 -> 7.9577285e-07 | F3: =(1-E3)/E3 -> 1256639
A4: ="In a lottery game, "&Random!H21&" numbered ping-pong balls are put in a bin, and 4 are randomly chosen. To win the jackpot, you need to match all 4 numbers in the order in which they were drawn. Determine the number of outcomes for picking 4 different numbers in order from the "&Random!H21&" ping-pong balls and the probability of you picking the correct numbers in order." -> In a lottery game, 40 numbered ping-pong balls are put in a bin, and 4 are randomly chosen. To win the jackpot, you need to match all 4 numbers in the order in which they were drawn. Determine the number of outcomes for picking 4 different numbers in order from the 40 ping-pong balls and the probability of you picking the correct numbers in order. | B4: permutation | C4: =PERMUT(Random!H21,4) -> 2193360 | D4: 1 | E4: =D4/C4 -> 4.5592151e-07 | F4: =(1-E4)/E4 -> 2193359
A5: ="In a lottery game, "&Random!H20&" numbered ping-pong balls are put in a bin, and 5 are randomly chosen. To win the jackpot, you need to match all 5 numbers. Determine the number of outcomes for picking 5 different numbers from the "&Random!H20&" ping-pong balls and the probability of you picking the correct numbers." -> In a lottery game, 50 numbered ping-pong balls are put in a bin, and 5 are randomly chosen. To win the jackpot, you need to match all 5 numbers. Determine the number of outcomes for picking 5 different numbers from the 50 ping-pong balls and the probability of you picking the correct numbers. | B5: combination | C5: =COMBIN(Random!H20,5) -> 2118760 | D5: 1 | E5: =D5/C5 -> 4.7197417e-07 | F5: =(1-E5)/E5 -> 2118759
A6: ="In a lottery game, "&Random!H20&" numbered ping-pong balls are put in a bin, and 5 are randomly chosen. You’ll get twice your money back if you match exactly three of the five numbers. "&"Still using the same number of outcomes as the game above (choosing 5 different ping-pong balls from the "&Random!H20&"), determine the probability of matching three out of five numbers." -> In a lottery game, 50 numbered ping-pong balls are put in a bin, and 5 are randomly chosen. You’ll get twice your money back if you match exactly three of the five numbers. Still using the same number of outcomes as the game above (choosing 5 different ping-pong balls from the 50), determine the probability of matching three out of five numbers. | B6: combination | C6: =COMBIN(Random!H20,5) -> 2118760 | D6: =COMBIN(5,3)*COMBIN(Random!H20-5,2) -> 9900 | E6: =D6/C6 -> 0.0046725443 | F6: =(1-E6)/E6 -> 213.01616 | G6: =(C6-D6)/D6 -> 213.01616

Sheet Sheet1
C4: Ignore the Halo preview you must download and open the file in Excel to correctly see the contents.
